tipo,titulo,duracion,artista,letra,album,genero
cancion,Fallen Steps,5.0,Ava Anderson,Sample lyrics snippet...,Odyssey,Jazz
cancion,Wild Storms,3.6,Isabella Johnson,Sample lyrics snippet...,Silhouettes,R&B
cancion,Wild Mirrors,3.1,Mia Garcia,Sample lyrics snippet...,Voyager,Hip-Hop
cancion,Blazing Echoes,2.8,Ethan Garcia,Sample lyrics snippet...,Paradise,Clásica
cancion,Broken Visions,3.5,Sebastian Brown,Sample lyrics snippet...,Spectrum,R&B
cancion,Crystal Flames,2.8,Luna Brown,Sample lyrics snippet...,Echoes,Country
cancion,Stormy Dreams,2.8,Luna Jackson,Sample lyrics snippet...,Spectrum,Clásica
cancion,Silent Borders,4.7,Ava Johnson,Sample lyrics snippet...,Horizons,Hip-Hop
cancion,Velvet Rivers,4.8,Valentina Wilson,Sample lyrics snippet...,Waves,Reggaeton
cancion,Silent Waves,4.0,Sofia Brown,Sample lyrics snippet...,Reflections,Indie
cancion,Fallen Waves,2.8,Elijah Wilson,Sample lyrics snippet...,Voyager,Rock
cancion,Shadow Waves,4.2,Benjamin Smith,Sample lyrics snippet...,Spectrum,R&B
cancion,Dreaming Stars,4.1,Camila Hernandez,Sample lyrics snippet...,Origins,Rock
cancion,Crystal Stars,3.8,Elijah Martinez,Sample lyrics snippet...,Spectrum,Jazz
cancion,Silent Memories,3.3,Elijah Smith,Sample lyrics snippet...,Paradise,Pop
cancion,Endless Memories,3.8,Mateo Sanchez,Sample lyrics snippet...,Waves,Pop
cancion,Crystal Storms,4.3,Ava Hernandez,Sample lyrics snippet...,Paradise,R&B
cancion,Crimson Storms,4.5,Mia Hernandez,Sample lyrics snippet...,Silhouettes,Rock
cancion,Blazing Voices,4.2,Ethan Lopez,Sample lyrics snippet...,Voyager,Indie
cancion,Midnight Dreams,2.8,Ava Jackson,Sample lyrics snippet...,Reflections,Pop
cancion,Midnight Roads,3.4,Liam Hernandez,Sample lyrics snippet...,Origins,R&B
cancion,Lost Rivers,4.8,Lucas Jackson,Sample lyrics snippet...,Odyssey,Country
cancion,Lonely Voices,3.6,Olivia Hernandez,Sample lyrics snippet...,Odyssey,Clásica
cancion,Neon Visions,3.4,Ethan Smith,Sample lyrics snippet...,Paradise,Clásica
cancion,Shadow Paths,4.2,Oliver Perez,Sample lyrics snippet...,Spectrum,R&B
cancion,Lonely Storms,3.2,Charlotte Martinez,Sample lyrics snippet...,Voyager,Indie
cancion,Silent Echoes,3.5,Mia Sanchez,Sample lyrics snippet...,Spectrum,Jazz
cancion,Dreaming Rivers,4.5,Benjamin Sanchez,Sample lyrics snippet...,Echoes,Pop
cancion,Crimson Hearts,3.6,Ava Martin,Sample lyrics snippet...,Voyager,Clásica
cancion,Wild Memories,5.4,Charlotte Martinez,Sample lyrics snippet...,Spectrum,Reggaeton
cancion,Velvet Dreams,4.8,Amelia Sanchez,Sample lyrics snippet...,Waves,Pop
cancion,Velvet Secrets,3.0,Oliver Thompson,Sample lyrics snippet...,Silhouettes,R&B
cancion,Neon Horizons,4.8,Isabella Moore,Sample lyrics snippet...,Voyager,Country
cancion,Fallen Rivers,4.1,Ava Perez,Sample lyrics snippet...,Spectrum,Indie
cancion,Stormy Storms,3.8,Isabella Perez,Sample lyrics snippet...,Silhouettes,Hip-Hop
cancion,Shadow Echoes,3.3,Mateo Perez,Sample lyrics snippet...,Silhouettes,R&B
cancion,Velvet Paths,5.4,Ema Martinez,Sample lyrics snippet...,Odyssey,R&B
cancion,Lonely Dreams,3.1,Isabella Lopez,Sample lyrics snippet...,Origins,Jazz
cancion,Golden Voices,4.4,Valentina Hernandez,Sample lyrics snippet...,Voyager,Clásica
cancion,Golden Borders,3.4,Lucas Thomas,Sample lyrics snippet...,Echoes,Pop
cancion,Stormy Skies,4.3,Sofia Martin,Sample lyrics snippet...,Horizons,Jazz
cancion,Crystal Borders,5.5,Mateo Taylor,Sample lyrics snippet...,Odyssey,Electrónica
cancion,Lonely Roads,4.8,Ema Lopez,Sample lyrics snippet...,Horizons,Electrónica
cancion,Stormy Lights,5.5,Noah Lee,Sample lyrics snippet...,Voyager,Clásica
cancion,Silent Stars,5.3,Sofia Hernandez,Sample lyrics snippet...,Waves,Rock
cancion,Wild Lights,3.2,Noah Martinez,Sample lyrics snippet...,Reflections,Pop
cancion,Neon Steps,4.2,Sofia Johnson,Sample lyrics snippet...,Silhouettes,Country
cancion,Broken Dreams,3.3,Olivia Martinez,Sample lyrics snippet...,Spectrum,Clásica
cancion,Broken Paths,4.5,Isabella Perez,Sample lyrics snippet...,Echoes,Hip-Hop
cancion,Fallen Lights,4.8,Olivia Martin,Sample lyrics snippet...,Reflections,Jazz
cancion,Neon Steps,4.2,Sofia Jackson,Sample lyrics snippet...,Echoes,Country
cancion,Neon Visions,3.9,Luna Taylor,Sample lyrics snippet...,Odyssey,Jazz
cancion,Golden Borders,4.3,Sofia Perez,Sample lyrics snippet...,Origins,Hip-Hop
cancion,Fading Stars,3.4,Noah Brown,Sample lyrics snippet...,Horizons,Rock
cancion,Blazing Stars,4.3,Benjamin White,Sample lyrics snippet...,Odyssey,Pop
cancion,Blazing Horizons,3.1,Liam Thomas,Sample lyrics snippet...,Reflections,Electrónica
cancion,Silent Mirrors,4.7,Luna Wilson,Sample lyrics snippet...,Waves,Indie
cancion,Dreaming Dreams,3.3,Liam White,Sample lyrics snippet...,Voyager,Hip-Hop
cancion,Endless Hearts,5.5,Valentina Jackson,Sample lyrics snippet...,Horizons,Pop
cancion,Velvet Paths,5.0,Amelia Anderson,Sample lyrics snippet...,Spectrum,Clásica
cancion,Broken Roads,3.4,Ema Moore,Sample lyrics snippet...,Spectrum,Pop
cancion,Fallen Paths,4.3,Oliver Anderson,Sample lyrics snippet...,Horizons,Pop
cancion,Shadow Secrets,4.7,Benjamin Lopez,Sample lyrics snippet...,Voyager,Clásica
cancion,Silent Steps,3.2,Charlotte Garcia,Sample lyrics snippet...,Silhouettes,Pop
cancion,Midnight Steps,3.5,Valentina Thomas,Sample lyrics snippet...,Odyssey,Pop
cancion,Fallen Roads,3.6,Olivia Sanchez,Sample lyrics snippet...,Odyssey,Electrónica
cancion,Lost Lights,5.0,Benjamin Perez,Sample lyrics snippet...,Reflections,Indie
cancion,Golden Skies,5.0,Luna Martinez,Sample lyrics snippet...,Echoes,Jazz
cancion,Stormy Skies,4.9,Luna Lopez,Sample lyrics snippet...,Spectrum,Clásica
cancion,Shadow Dreams,3.0,Liam Smith,Sample lyrics snippet...,Odyssey,Electrónica
cancion,Blazing Dreams,4.2,Olivia Smith,Sample lyrics snippet...,Silhouettes,Electrónica
cancion,Fading Echoes,3.3,Ema Perez,Sample lyrics snippet...,Origins,Reggaeton
cancion,Stormy Horizons,4.2,Mateo Thomas,Sample lyrics snippet...,Odyssey,Electrónica
cancion,Lonely Voices,3.9,Mia Brown,Sample lyrics snippet...,Spectrum,Rock
cancion,Fading Visions,4.6,Ava Gonzalez,Sample lyrics snippet...,Voyager,Electrónica
cancion,Crimson Rivers,5.4,Olivia Anderson,Sample lyrics snippet...,Origins,Rock
cancion,Silent Stars,4.6,Ethan White,Sample lyrics snippet...,Paradise,Country
cancion,Crimson Rivers,3.7,Camila White,Sample lyrics snippet...,Voyager,Indie
cancion,Dreaming Roads,5.1,Noah Wilson,Sample lyrics snippet...,Horizons,Electrónica
cancion,Stormy Hearts,3.5,Ema Wilson,Sample lyrics snippet...,Horizons,Clásica
cancion,Lost Rivers,3.2,Valentina Hernandez,Sample lyrics snippet...,Echoes,Hip-Hop
cancion,Lonely Borders,2.6,Valentina Wilson,Sample lyrics snippet...,Voyager,R&B
cancion,Golden Memories,2.6,Ava Perez,Sample lyrics snippet...,Voyager,Indie
cancion,Fallen Storms,4.3,Lucas Jackson,Sample lyrics snippet...,Horizons,Hip-Hop
cancion,Neon Steps,4.3,Lucas Thomas,Sample lyrics snippet...,Echoes,Clásica
cancion,Dreaming Lights,4.5,Olivia White,Sample lyrics snippet...,Origins,Electrónica
cancion,Lonely Steps,4.9,Isabella Moore,Sample lyrics snippet...,Voyager,Clásica
cancion,Endless Horizons,4.3,Isabella Thompson,Sample lyrics snippet...,Reflections,Hip-Hop
cancion,Broken Borders,3.4,Luna Perez,Sample lyrics snippet...,Odyssey,Reggaeton
cancion,Neon Paths,4.4,Elijah Hernandez,Sample lyrics snippet...,Silhouettes,Hip-Hop
cancion,Crimson Borders,3.3,Sofia Wilson,Sample lyrics snippet...,Echoes,Pop
cancion,Shadow Memories,2.6,Amelia Jackson,Sample lyrics snippet...,Horizons,Electrónica
cancion,Hidden Secrets,2.5,Olivia Brown,Sample lyrics snippet...,Silhouettes,R&B
cancion,Fallen Echoes,5.1,Noah Thompson,Sample lyrics snippet...,Paradise,Indie
cancion,Velvet Borders,3.7,Oliver Gonzalez,Sample lyrics snippet...,Voyager,Electrónica
cancion,Crimson Mirrors,4.5,Ava Lee,Sample lyrics snippet...,Voyager,Electrónica
cancion,Lost Flames,3.7,Benjamin Martinez,Sample lyrics snippet...,Reflections,Hip-Hop
cancion,Dreaming Lights,3.1,Ema Jackson,Sample lyrics snippet...,Odyssey,R&B
cancion,Crimson Dreams,5.3,Camila Brown,Sample lyrics snippet...,Silhouettes,Pop
cancion,Shadow Storms,2.8,Ema Smith,Sample lyrics snippet...,Paradise,Pop
cancion,Stormy Dreams,5.3,Noah Anderson,Sample lyrics snippet...,Waves,R&B
cancion,Endless Flames,2.7,Olivia Gonzalez,Sample lyrics snippet...,Horizons,Indie
cancion,Electric Waves,5.4,Lucas Taylor,Sample lyrics snippet...,Paradise,Country
cancion,Golden Voices,5.3,Mateo White,Sample lyrics snippet...,Echoes,Reggaeton
cancion,Crimson Stars,4.7,Benjamin Lopez,Sample lyrics snippet...,Paradise,Rock
cancion,Endless Voices,5.5,Charlotte Sanchez,Sample lyrics snippet...,Silhouettes,R&B
cancion,Fallen Voices,4.2,Ethan Garcia,Sample lyrics snippet...,Spectrum,Pop
cancion,Crimson Flames,3.2,Valentina Perez,Sample lyrics snippet...,Paradise,Hip-Hop
cancion,Broken Rivers,3.5,Noah Lee,Sample lyrics snippet...,Paradise,Jazz
cancion,Golden Flames,3.0,Liam Lopez,Sample lyrics snippet...,Odyssey,Clásica
cancion,Fallen Dreams,2.6,Elijah Lee,Sample lyrics snippet...,Waves,Reggaeton
cancion,Endless Borders,2.8,Elijah Wilson,Sample lyrics snippet...,Odyssey,Jazz
cancion,Broken Rivers,3.6,Ava Wilson,Sample lyrics snippet...,Reflections,Clásica
cancion,Dreaming Roads,2.8,Charlotte Perez,Sample lyrics snippet...,Waves,R&B
cancion,Blazing Storms,4.1,Camila Jackson,Sample lyrics snippet...,Voyager,Clásica
cancion,Crimson Visions,4.0,Oliver Perez,Sample lyrics snippet...,Paradise,Reggaeton
cancion,Broken Borders,5.5,Ava Lee,Sample lyrics snippet...,Voyager,Jazz
cancion,Endless Secrets,3.3,Isabella Sanchez,Sample lyrics snippet...,Spectrum,Clásica
cancion,Wild Steps,4.3,Amelia Anderson,Sample lyrics snippet...,Waves,Pop
cancion,Hidden Skies,4.6,Mia Perez,Sample lyrics snippet...,Echoes,R&B
cancion,Shadow Borders,3.6,Sebastian Perez,Sample lyrics snippet...,Odyssey,Indie
cancion,Hidden Visions,3.4,Sofia Brown,Sample lyrics snippet...,Odyssey,Pop
cancion,Broken Voices,4.7,Liam Gonzalez,Sample lyrics snippet...,Silhouettes,Rock
cancion,Silent Flames,4.9,Luna Perez,Sample lyrics snippet...,Spectrum,Indie
cancion,Dreaming Flames,2.8,Oliver Thomas,Sample lyrics snippet...,Origins,Clásica
cancion,Velvet Borders,4.7,Mia Thomas,Sample lyrics snippet...,Echoes,Reggaeton
cancion,Silent Horizons,4.5,Oliver Anderson,Sample lyrics snippet...,Horizons,Electrónica
cancion,Electric Mirrors,5.1,Sofia Wilson,Sample lyrics snippet...,Paradise,Reggaeton
cancion,Broken Secrets,4.0,Mia Gonzalez,Sample lyrics snippet...,Horizons,Country
cancion,Silent Memories,3.6,Charlotte Lopez,Sample lyrics snippet...,Origins,Electrónica
cancion,Silent Voices,4.7,Elijah Lee,Sample lyrics snippet...,Spectrum,Country
cancion,Velvet Lights,4.5,Luna Jackson,Sample lyrics snippet...,Spectrum,Electrónica
cancion,Wild Visions,3.1,Ethan Gonzalez,Sample lyrics snippet...,Waves,Electrónica
cancion,Shadow Steps,3.4,Ema Taylor,Sample lyrics snippet...,Echoes,Clásica
cancion,Crystal Horizons,2.6,Charlotte Garcia,Sample lyrics snippet...,Paradise,Hip-Hop
cancion,Stormy Borders,4.5,Olivia Martin,Sample lyrics snippet...,Voyager,Indie
cancion,Hidden Mirrors,4.1,Charlotte Lee,Sample lyrics snippet...,Spectrum,R&B
cancion,Velvet Secrets,4.4,Mateo Lee,Sample lyrics snippet...,Origins,Hip-Hop
cancion,Hidden Hearts,4.9,Oliver Thompson,Sample lyrics snippet...,Odyssey,Hip-Hop
cancion,Lost Rivers,3.3,Camila Brown,Sample lyrics snippet...,Echoes,Country
cancion,Velvet Hearts,4.8,Mia White,Sample lyrics snippet...,Silhouettes,Jazz
cancion,Stormy Rivers,4.2,Olivia Johnson,Sample lyrics snippet...,Spectrum,Country
cancion,Broken Rivers,3.2,Valentina Sanchez,Sample lyrics snippet...,Paradise,Clásica
cancion,Fading Skies,4.1,Amelia Perez,Sample lyrics snippet...,Echoes,Indie
cancion,Blazing Storms,2.5,Camila Thomas,Sample lyrics snippet...,Echoes,Indie
cancion,Shadow Visions,4.5,Benjamin Smith,Sample lyrics snippet...,Echoes,Electrónica
cancion,Velvet Stars,2.9,Mateo Perez,Sample lyrics snippet...,Silhouettes,Electrónica
cancion,Hidden Borders,5.1,Mateo Anderson,Sample lyrics snippet...,Echoes,Jazz
cancion,Crystal Storms,4.2,Luna Martinez,Sample lyrics snippet...,Origins,Country
cancion,Hidden Waves,2.9,Charlotte Brown,Sample lyrics snippet...,Paradise,Electrónica
cancion,Blazing Hearts,5.1,Noah Perez,Sample lyrics snippet...,Voyager,Indie
cancion,Midnight Lights,4.1,Luna Sanchez,Sample lyrics snippet...,Reflections,Jazz
cancion,Crimson Lights,4.1,Noah Perez,Sample lyrics snippet...,Reflections,Hip-Hop
cancion,Crimson Roads,3.0,Liam Garcia,Sample lyrics snippet...,Voyager,Electrónica
cancion,Hidden Storms,5.3,Elijah Martinez,Sample lyrics snippet...,Reflections,Reggaeton
cancion,Lost Paths,3.9,Ethan Smith,Sample lyrics snippet...,Horizons,R&B
cancion,Velvet Horizons,2.8,Charlotte Thomas,Sample lyrics snippet...,Spectrum,Electrónica
cancion,Stormy Mirrors,3.7,Olivia Wilson,Sample lyrics snippet...,Reflections,Indie
cancion,Stormy Dreams,2.5,Oliver Gonzalez,Sample lyrics snippet...,Waves,Jazz
cancion,Stormy Borders,3.3,Charlotte Jackson,Sample lyrics snippet...,Horizons,Country
cancion,Silent Horizons,5.3,Charlotte Lee,Sample lyrics snippet...,Silhouettes,R&B
cancion,Dreaming Horizons,2.9,Luna Lopez,Sample lyrics snippet...,Voyager,Country
cancion,Shadow Secrets,3.0,Lucas Hernandez,Sample lyrics snippet...,Waves,Jazz
cancion,Dreaming Hearts,3.1,Mia Sanchez,Sample lyrics snippet...,Origins,Country
cancion,Dreaming Hearts,3.0,Ema Garcia,Sample lyrics snippet...,Reflections,Reggaeton
cancion,Golden Paths,4.9,Liam Smith,Sample lyrics snippet...,Odyssey,Reggaeton
cancion,Lost Mirrors,4.4,Ethan Wilson,Sample lyrics snippet...,Odyssey,Country
cancion,Crystal Borders,4.5,Oliver Taylor,Sample lyrics snippet...,Voyager,Clásica
cancion,Dreaming Paths,4.3,Noah Thomas,Sample lyrics snippet...,Paradise,Reggaeton
cancion,Shadow Echoes,4.6,Isabella Hernandez,Sample lyrics snippet...,Silhouettes,Electrónica
cancion,Fallen Dreams,3.8,Noah Johnson,Sample lyrics snippet...,Waves,Electrónica
cancion,Silent Memories,3.8,Sofia Thompson,Sample lyrics snippet...,Waves,Country
cancion,Lost Rivers,3.8,Elijah Lee,Sample lyrics snippet...,Echoes,R&B
cancion,Crimson Horizons,4.8,Luna Garcia,Sample lyrics snippet...,Reflections,Hip-Hop
cancion,Lonely Rivers,2.9,Sebastian Jackson,Sample lyrics snippet...,Voyager,Hip-Hop
cancion,Dreaming Rivers,2.5,Sofia Moore,Sample lyrics snippet...,Silhouettes,Pop
cancion,Fading Roads,4.2,Olivia Jackson,Sample lyrics snippet...,Reflections,Country
cancion,Golden Horizons,4.7,Mateo Sanchez,Sample lyrics snippet...,Origins,Pop
cancion,Hidden Dreams,4.2,Benjamin Wilson,Sample lyrics snippet...,Odyssey,Rock
cancion,Crimson Voices,4.9,Ema Smith,Sample lyrics snippet...,Voyager,Pop
cancion,Electric Roads,4.6,Charlotte Moore,Sample lyrics snippet...,Horizons,R&B
cancion,Shadow Stars,3.1,Oliver Gonzalez,Sample lyrics snippet...,Silhouettes,Rock
cancion,Endless Rivers,2.5,Ema Wilson,Sample lyrics snippet...,Echoes,Pop
cancion,Midnight Horizons,4.8,Valentina Taylor,Sample lyrics snippet...,Reflections,Jazz
cancion,Lonely Waves,5.4,Ema Martinez,Sample lyrics snippet...,Echoes,Indie
cancion,Lost Mirrors,3.5,Camila Johnson,Sample lyrics snippet...,Voyager,Hip-Hop
cancion,Blazing Voices,4.7,Olivia Perez,Sample lyrics snippet...,Horizons,Country
cancion,Shadow Dreams,3.9,Oliver White,Sample lyrics snippet...,Silhouettes,Hip-Hop
cancion,Fading Mirrors,3.0,Isabella Wilson,Sample lyrics snippet...,Echoes,Electrónica
cancion,Neon Paths,2.8,Ema Sanchez,Sample lyrics snippet...,Reflections,Electrónica
cancion,Golden Memories,3.9,Ethan Anderson,Sample lyrics snippet...,Voyager,Electrónica
cancion,Midnight Flames,3.9,Valentina Thompson,Sample lyrics snippet...,Horizons,Hip-Hop
cancion,Midnight Horizons,4.7,Sebastian Lee,Sample lyrics snippet...,Origins,Pop
cancion,Broken Steps,4.5,Sofia Sanchez,Sample lyrics snippet...,Horizons,Electrónica
cancion,Velvet Flames,4.3,Isabella Wilson,Sample lyrics snippet...,Reflections,Pop
cancion,Lost Voices,4.6,Sofia Jackson,Sample lyrics snippet...,Reflections,Clásica
cancion,Broken Visions,2.7,Charlotte Garcia,Sample lyrics snippet...,Horizons,R&B
cancion,Blazing Memories,3.6,Isabella Johnson,Sample lyrics snippet...,Paradise,Jazz
cancion,Blazing Steps,2.7,Luna Garcia,Sample lyrics snippet...,Silhouettes,Jazz
cancion,Dreaming Mirrors,5.2,Camila Gonzalez,Sample lyrics snippet...,Voyager,Rock
cancion,Shadow Flames,4.0,Mateo Garcia,Sample lyrics snippet...,Voyager,Indie
cancion,Hidden Stars,3.4,Benjamin White,Sample lyrics snippet...,Reflections,R&B
cancion,Lost Lights,5.0,Lucas Sanchez,Sample lyrics snippet...,Voyager,Clásica
cancion,Stormy Rivers,3.2,Oliver Thomas,Sample lyrics snippet...,Horizons,Indie
cancion,Midnight Borders,4.0,Mia Taylor,Sample lyrics snippet...,Echoes,Pop
cancion,Lost Dreams,4.6,Ema Martin,Sample lyrics snippet...,Odyssey,Electrónica
cancion,Lost Paths,2.6,Luna Brown,Sample lyrics snippet...,Silhouettes,R&B
cancion,Broken Visions,2.9,Isabella Martin,Sample lyrics snippet...,Echoes,Reggaeton
cancion,Golden Roads,4.8,Valentina Jackson,Sample lyrics snippet...,Horizons,Indie
cancion,Broken Skies,4.0,Sofia Lee,Sample lyrics snippet...,Odyssey,Clásica
cancion,Stormy Rivers,4.1,Elijah Thompson,Sample lyrics snippet...,Paradise,Reggaeton
cancion,Endless Storms,3.9,Oliver Taylor,Sample lyrics snippet...,Reflections,R&B
cancion,Shadow Stars,2.7,Camila Smith,Sample lyrics snippet...,Paradise,Rock
cancion,Fallen Lights,3.4,Ava Brown,Sample lyrics snippet...,Waves,Rock
cancion,Silent Visions,5.4,Oliver Gonzalez,Sample lyrics snippet...,Voyager,Clásica
cancion,Crimson Steps,4.3,Olivia Thompson,Sample lyrics snippet...,Waves,Jazz
cancion,Fading Storms,3.0,Lucas Gonzalez,Sample lyrics snippet...,Waves,Pop
cancion,Crimson Secrets,4.3,Liam Martin,Sample lyrics snippet...,Odyssey,Hip-Hop
cancion,Blazing Mirrors,4.7,Luna Smith,Sample lyrics snippet...,Silhouettes,Reggaeton
cancion,Broken Voices,5.4,Sofia Moore,Sample lyrics snippet...,Silhouettes,Indie
cancion,Crimson Flames,4.3,Luna Garcia,Sample lyrics snippet...,Origins,Electrónica
cancion,Lost Memories,3.4,Ema Garcia,Sample lyrics snippet...,Voyager,Country
cancion,Electric Visions,3.2,Noah Lee,Sample lyrics snippet...,Horizons,Reggaeton
cancion,Silent Voices,2.8,Sofia White,Sample lyrics snippet...,Odyssey,Country
cancion,Neon Lights,3.7,Sebastian Lee,Sample lyrics snippet...,Paradise,Pop
cancion,Broken Rivers,4.5,Ethan Thompson,Sample lyrics snippet...,Waves,Pop
cancion,Velvet Visions,4.8,Isabella Hernandez,Sample lyrics snippet...,Waves,Country
cancion,Fading Dreams,4.6,Ema Johnson,Sample lyrics snippet...,Voyager,Rock
cancion,Fallen Storms,3.3,Liam Martin,Sample lyrics snippet...,Horizons,R&B
cancion,Crimson Lights,2.9,Mia Thompson,Sample lyrics snippet...,Spectrum,Jazz
cancion,Crimson Lights,3.4,Mia Garcia,Sample lyrics snippet...,Horizons,Reggaeton
cancion,Blazing Stars,2.8,Noah Taylor,Sample lyrics snippet...,Paradise,Rock
cancion,Endless Stars,4.4,Mia Brown,Sample lyrics snippet...,Paradise,R&B
cancion,Lost Mirrors,5.2,Charlotte Moore,Sample lyrics snippet...,Voyager,Pop
cancion,Dreaming Horizons,4.0,Ethan Smith,Sample lyrics snippet...,Horizons,Indie
cancion,Blazing Skies,3.5,Noah Taylor,Sample lyrics snippet...,Silhouettes,Rock
cancion,Wild Skies,4.9,Ethan Jackson,Sample lyrics snippet...,Spectrum,Rock
cancion,Neon Storms,4.9,Ethan Martinez,Sample lyrics snippet...,Reflections,Clásica
cancion,Dreaming Dreams,5.2,Ema Johnson,Sample lyrics snippet...,Echoes,Rock
cancion,Velvet Borders,5.2,Ema Thompson,Sample lyrics snippet...,Paradise,Hip-Hop
cancion,Endless Mirrors,4.8,Isabella Thomas,Sample lyrics snippet...,Reflections,Reggaeton
cancion,Electric Memories,4.1,Ema Lee,Sample lyrics snippet...,Paradise,Country
cancion,Dreaming Secrets,3.4,Sebastian Sanchez,Sample lyrics snippet...,Paradise,Jazz
cancion,Shadow Flames,4.9,Luna Moore,Sample lyrics snippet...,Echoes,Jazz
cancion,Broken Waves,2.6,Camila Anderson,Sample lyrics snippet...,Silhouettes,Reggaeton
cancion,Wild Voices,5.3,Mateo Johnson,Sample lyrics snippet...,Odyssey,Indie
cancion,Velvet Horizons,4.7,Charlotte Lopez,Sample lyrics snippet...,Silhouettes,R&B
cancion,Hidden Hearts,4.7,Benjamin Taylor,Sample lyrics snippet...,Echoes,Electrónica
cancion,Fallen Borders,3.0,Sofia Moore,Sample lyrics snippet...,Reflections,Electrónica
cancion,Hidden Secrets,2.6,Camila Jackson,Sample lyrics snippet...,Voyager,Pop
cancion,Lonely Visions,3.1,Olivia Jackson,Sample lyrics snippet...,Spectrum,Country
cancion,Hidden Steps,3.7,Mia Taylor,Sample lyrics snippet...,Echoes,Reggaeton
cancion,Stormy Flames,3.9,Camila Brown,Sample lyrics snippet...,Echoes,Electrónica
cancion,Neon Echoes,4.3,Oliver Thomas,Sample lyrics snippet...,Waves,Hip-Hop
cancion,Stormy Paths,3.0,Mateo Taylor,Sample lyrics snippet...,Reflections,Electrónica
cancion,Blazing Horizons,3.4,Noah Smith,Sample lyrics snippet...,Horizons,Country
cancion,Crystal Echoes,3.6,Liam Lee,Sample lyrics snippet...,Spectrum,Pop
cancion,Electric Voices,2.7,Sofia Gonzalez,Sample lyrics snippet...,Horizons,Electrónica
cancion,Dreaming Steps,2.7,Mia Anderson,Sample lyrics snippet...,Horizons,Clásica
cancion,Fading Memories,4.9,Luna Thompson,Sample lyrics snippet...,Paradise,Country
cancion,Lonely Rivers,4.8,Olivia Wilson,Sample lyrics snippet...,Odyssey,R&B
cancion,Wild Visions,4.9,Oliver Moore,Sample lyrics snippet...,Paradise,Electrónica
cancion,Golden Visions,4.5,Luna Hernandez,Sample lyrics snippet...,Paradise,Pop
cancion,Lost Voices,3.4,Olivia Lopez,Sample lyrics snippet...,Origins,R&B
cancion,Fallen Memories,2.7,Luna Jackson,Sample lyrics snippet...,Origins,R&B
cancion,Crystal Rivers,4.2,Valentina Sanchez,Sample lyrics snippet...,Odyssey,Pop
cancion,Lost Mirrors,4.2,Mia Perez,Sample lyrics snippet...,Paradise,Clásica
cancion,Golden Stars,5.1,Benjamin Smith,Sample lyrics snippet...,Reflections,Electrónica
cancion,Dreaming Mirrors,5.1,Luna Johnson,Sample lyrics snippet...,Odyssey,Reggaeton
cancion,Velvet Horizons,2.5,Olivia Hernandez,Sample lyrics snippet...,Echoes,Rock
cancion,Hidden Voices,4.4,Ethan Lee,Sample lyrics snippet...,Reflections,Reggaeton
cancion,Neon Echoes,5.3,Mia Martinez,Sample lyrics snippet...,Waves,Electrónica
cancion,Wild Echoes,5.0,Sebastian White,Sample lyrics snippet...,Echoes,Electrónica
cancion,Midnight Paths,5.1,Noah Martinez,Sample lyrics snippet...,Horizons,Hip-Hop
cancion,Broken Visions,4.9,Ethan Garcia,Sample lyrics snippet...,Voyager,Country
cancion,Crimson Steps,2.6,Benjamin Anderson,Sample lyrics snippet...,Reflections,R&B
cancion,Broken Voices,3.1,Oliver Martin,Sample lyrics snippet...,Odyssey,Clásica
cancion,Dreaming Skies,2.6,Ema Thompson,Sample lyrics snippet...,Voyager,Indie
cancion,Blazing Stars,3.5,Ema Perez,Sample lyrics snippet...,Silhouettes,Jazz
cancion,Electric Waves,4.5,Sebastian Perez,Sample lyrics snippet...,Waves,Rock
cancion,Endless Visions,5.4,Sofia Taylor,Sample lyrics snippet...,Voyager,Rock
cancion,Broken Paths,3.5,Isabella Perez,Sample lyrics snippet...,Horizons,Hip-Hop
cancion,Fading Waves,5.2,Sofia Thompson,Sample lyrics snippet...,Horizons,R&B
cancion,Fallen Echoes,3.7,Olivia Moore,Sample lyrics snippet...,Origins,Rock
cancion,Silent Borders,4.1,Luna Jackson,Sample lyrics snippet...,Silhouettes,Jazz
cancion,Lonely Waves,3.4,Benjamin Perez,Sample lyrics snippet...,Paradise,Jazz
cancion,Crimson Storms,3.5,Ema Smith,Sample lyrics snippet...,Paradise,Indie
cancion,Dreaming Dreams,2.8,Sebastian Gonzalez,Sample lyrics snippet...,Echoes,Rock
cancion,Crystal Horizons,5.2,Camila Thompson,Sample lyrics snippet...,Voyager,Rock
cancion,Stormy Lights,4.4,Oliver Taylor,Sample lyrics snippet...,Horizons,Jazz
cancion,Golden Lights,2.7,Mateo Lee,Sample lyrics snippet...,Paradise,Country
cancion,Shadow Secrets,5.3,Mia Garcia,Sample lyrics snippet...,Waves,Rock
cancion,Stormy Memories,4.1,Mia Thompson,Sample lyrics snippet...,Echoes,Country
cancion,Shadow Rivers,5.4,Sebastian Garcia,Sample lyrics snippet...,Spectrum,Jazz
cancion,Neon Stars,2.9,Elijah Martinez,Sample lyrics snippet...,Origins,Pop
cancion,Lost Storms,4.5,Ethan Gonzalez,Sample lyrics snippet...,Horizons,Country
cancion,Electric Hearts,5.3,Ema Jackson,Sample lyrics snippet...,Echoes,Reggaeton
cancion,Midnight Flames,3.7,Oliver Hernandez,Sample lyrics snippet...,Voyager,Rock
cancion,Blazing Memories,5.1,Isabella Moore,Sample lyrics snippet...,Silhouettes,Hip-Hop
cancion,Neon Horizons,4.0,Noah Perez,Sample lyrics snippet...,Horizons,Indie
cancion,Electric Visions,3.1,Mateo Perez,Sample lyrics snippet...,Spectrum,Rock
cancion,Broken Skies,3.0,Ema Martinez,Sample lyrics snippet...,Waves,Hip-Hop
cancion,Lost Dreams,4.4,Mateo Hernandez,Sample lyrics snippet...,Horizons,Pop
cancion,Stormy Skies,4.7,Olivia Johnson,Sample lyrics snippet...,Echoes,Hip-Hop
cancion,Crimson Secrets,4.0,Sofia Thomas,Sample lyrics snippet...,Odyssey,Indie
cancion,Blazing Dreams,5.3,Valentina Smith,Sample lyrics snippet...,Reflections,Rock
cancion,Crimson Rivers,3.2,Noah Martinez,Sample lyrics snippet...,Echoes,Jazz
cancion,Midnight Secrets,4.6,Lucas Garcia,Sample lyrics snippet...,Silhouettes,Hip-Hop
cancion,Stormy Lights,3.7,Isabella Johnson,Sample lyrics snippet...,Echoes,Electrónica
cancion,Fading Paths,5.3,Olivia Martinez,Sample lyrics snippet...,Spectrum,R&B
cancion,Velvet Storms,5.3,Lucas Sanchez,Sample lyrics snippet...,Origins,R&B
cancion,Dreaming Borders,4.9,Luna Gonzalez,Sample lyrics snippet...,Spectrum,Electrónica
cancion,Crystal Flames,3.5,Mateo Brown,Sample lyrics snippet...,Odyssey,Clásica
cancion,Golden Waves,4.9,Sebastian Hernandez,Sample lyrics snippet...,Waves,Reggaeton
cancion,Crystal Paths,4.1,Charlotte Taylor,Sample lyrics snippet...,Origins,Clásica
cancion,Lonely Horizons,3.6,Elijah White,Sample lyrics snippet...,Paradise,Reggaeton
cancion,Neon Rivers,3.0,Valentina Moore,Sample lyrics snippet...,Paradise,Rock
cancion,Wild Waves,3.4,Valentina Thomas,Sample lyrics snippet...,Horizons,Pop
cancion,Dreaming Skies,4.2,Sebastian Sanchez,Sample lyrics snippet...,Horizons,Pop
cancion,Fading Voices,2.9,Luna Lee,Sample lyrics snippet...,Voyager,Indie
cancion,Lost Steps,3.1,Camila Moore,Sample lyrics snippet...,Silhouettes,Clásica
cancion,Hidden Lights,3.8,Oliver Martinez,Sample lyrics snippet...,Odyssey,Indie
cancion,Crimson Echoes,5.3,Sofia Moore,Sample lyrics snippet...,Paradise,Clásica
cancion,Dreaming Rivers,2.6,Elijah Sanchez,Sample lyrics snippet...,Horizons,Hip-Hop
cancion,Crimson Rivers,3.4,Charlotte Thompson,Sample lyrics snippet...,Paradise,Country
cancion,Hidden Paths,4.4,Isabella Moore,Sample lyrics snippet...,Voyager,Jazz
cancion,Lost Flames,3.5,Olivia Garcia,Sample lyrics snippet...,Echoes,Rock
cancion,Hidden Visions,4.2,Sofia Martinez,Sample lyrics snippet...,Origins,Jazz
cancion,Wild Paths,3.8,Ethan Martin,Sample lyrics snippet...,Origins,Electrónica
cancion,Silent Memories,5.2,Ava Taylor,Sample lyrics snippet...,Paradise,Clásica
cancion,Electric Storms,4.6,Luna Martinez,Sample lyrics snippet...,Spectrum,Country
cancion,Electric Waves,5.1,Valentina Gonzalez,Sample lyrics snippet...,Horizons,Clásica
cancion,Broken Visions,5.3,Mateo Lopez,Sample lyrics snippet...,Spectrum,Indie
cancion,Lost Hearts,5.2,Ava Martinez,Sample lyrics snippet...,Reflections,Country
cancion,Stormy Voices,4.1,Oliver Johnson,Sample lyrics snippet...,Echoes,Country
cancion,Stormy Skies,3.9,Mateo Lopez,Sample lyrics snippet...,Silhouettes,Reggaeton
cancion,Fading Steps,4.3,Oliver Wilson,Sample lyrics snippet...,Horizons,Clásica
cancion,Crimson Flames,4.9,Liam Perez,Sample lyrics snippet...,Origins,Electrónica
cancion,Wild Paths,4.8,Camila Thomas,Sample lyrics snippet...,Reflections,Jazz
cancion,Crimson Steps,3.4,Mia Garcia,Sample lyrics snippet...,Reflections,Indie
cancion,Blazing Dreams,4.8,Ema Sanchez,Sample lyrics snippet...,Spectrum,R&B
cancion,Hidden Hearts,3.0,Ema Martinez,Sample lyrics snippet...,Echoes,Pop
cancion,Blazing Dreams,5.3,Sofia Smith,Sample lyrics snippet...,Reflections,R&B
cancion,Crystal Steps,2.6,Luna Garcia,Sample lyrics snippet...,Origins,Country
cancion,Crimson Stars,5.2,Oliver Lee,Sample lyrics snippet...,Echoes,Indie
cancion,Velvet Borders,5.2,Sofia Lopez,Sample lyrics snippet...,Paradise,Country
cancion,Hidden Stars,3.9,Oliver White,Sample lyrics snippet...,Waves,Indie
cancion,Fading Mirrors,3.9,Sofia Thompson,Sample lyrics snippet...,Waves,Pop
cancion,Fading Paths,5.2,Elijah Lopez,Sample lyrics snippet...,Echoes,Jazz
cancion,Lonely Stars,3.2,Oliver Martin,Sample lyrics snippet...,Echoes,Indie
cancion,Midnight Roads,4.4,Sebastian Johnson,Sample lyrics snippet...,Origins,Electrónica
cancion,Lonely Memories,4.1,Isabella Lopez,Sample lyrics snippet...,Silhouettes,Pop
cancion,Broken Waves,5.4,Lucas Perez,Sample lyrics snippet...,Silhouettes,Clásica
cancion,Fallen Memories,4.7,Camila Lopez,Sample lyrics snippet...,Origins,Rock
cancion,Golden Steps,5.0,Camila Taylor,Sample lyrics snippet...,Odyssey,Hip-Hop
cancion,Wild Lights,3.9,Ava Brown,Sample lyrics snippet...,Origins,Indie
cancion,Dreaming Paths,2.6,Ethan Lopez,Sample lyrics snippet...,Echoes,Hip-Hop
cancion,Broken Stars,5.3,Ethan Lee,Sample lyrics snippet...,Spectrum,Electrónica
cancion,Velvet Hearts,2.6,Camila Moore,Sample lyrics snippet...,Voyager,Clásica
cancion,Endless Skies,3.8,Charlotte Lopez,Sample lyrics snippet...,Echoes,Jazz
cancion,Electric Paths,3.9,Isabella Lopez,Sample lyrics snippet...,Voyager,Reggaeton
cancion,Neon Echoes,5.0,Ava Martin,Sample lyrics snippet...,Reflections,Jazz
cancion,Fallen Mirrors,4.8,Mateo Jackson,Sample lyrics snippet...,Silhouettes,Reggaeton
cancion,Lonely Flames,4.5,Ethan Hernandez,Sample lyrics snippet...,Echoes,Hip-Hop
cancion,Velvet Paths,3.1,Valentina Thompson,Sample lyrics snippet...,Waves,Country
cancion,Midnight Stars,2.7,Mateo Lopez,Sample lyrics snippet...,Origins,R&B
cancion,Broken Steps,5.3,Amelia Johnson,Sample lyrics snippet...,Horizons,Reggaeton
cancion,Dreaming Stars,5.2,Amelia Martin,Sample lyrics snippet...,Horizons,Pop
cancion,Golden Horizons,4.3,Mateo White,Sample lyrics snippet...,Reflections,Jazz
cancion,Neon Dreams,3.8,Sofia Jackson,Sample lyrics snippet...,Odyssey,Pop
cancion,Hidden Voices,4.1,Liam White,Sample lyrics snippet...,Echoes,Reggaeton
cancion,Endless Skies,2.6,Charlotte Moore,Sample lyrics snippet...,Waves,Clásica
cancion,Velvet Steps,5.0,Benjamin Thompson,Sample lyrics snippet...,Origins,Reggaeton
cancion,Dreaming Storms,3.7,Sofia Lee,Sample lyrics snippet...,Waves,Pop
cancion,Broken Skies,2.5,Liam Sanchez,Sample lyrics snippet...,Origins,Indie
cancion,Dreaming Borders,4.1,Olivia Thomas,Sample lyrics snippet...,Paradise,Electrónica
cancion,Velvet Paths,3.9,Mia Thompson,Sample lyrics snippet...,Odyssey,Rock
cancion,Crystal Stars,4.3,Benjamin Anderson,Sample lyrics snippet...,Odyssey,Country
cancion,Hidden Echoes,4.3,Oliver Lopez,Sample lyrics snippet...,Waves,Pop
cancion,Lonely Waves,2.7,Isabella Moore,Sample lyrics snippet...,Waves,Electrónica
cancion,Midnight Storms,4.9,Mia Sanchez,Sample lyrics snippet...,Reflections,Rock
cancion,Stormy Voices,3.4,Ema Thompson,Sample lyrics snippet...,Horizons,Pop
cancion,Lonely Hearts,2.5,Noah Smith,Sample lyrics snippet...,Origins,R&B
cancion,Blazing Hearts,5.5,Ema Thompson,Sample lyrics snippet...,Echoes,R&B
cancion,Golden Storms,2.9,Noah Thompson,Sample lyrics snippet...,Odyssey,Hip-Hop
cancion,Broken Voices,4.9,Camila Brown,Sample lyrics snippet...,Voyager,Country
cancion,Broken Visions,3.5,Valentina Thomas,Sample lyrics snippet...,Horizons,Pop
cancion,Shadow Flames,4.9,Olivia Jackson,Sample lyrics snippet...,Origins,Country
cancion,Crystal Hearts,4.2,Olivia Lopez,Sample lyrics snippet...,Reflections,Reggaeton
cancion,Wild Skies,3.4,Sebastian Thompson,Sample lyrics snippet...,Spectrum,Country
cancion,Shadow Stars,5.3,Valentina Brown,Sample lyrics snippet...,Spectrum,Electrónica
cancion,Crimson Visions,4.6,Luna Hernandez,Sample lyrics snippet...,Voyager,Electrónica
cancion,Shadow Skies,4.4,Ema Johnson,Sample lyrics snippet...,Paradise,Reggaeton
cancion,Midnight Dreams,4.5,Mia Perez,Sample lyrics snippet...,Reflections,R&B
cancion,Crystal Voices,5.0,Elijah Smith,Sample lyrics snippet...,Echoes,Clásica
cancion,Neon Borders,5.1,Luna Brown,Sample lyrics snippet...,Reflections,R&B
cancion,Fallen Echoes,4.4,Valentina Wilson,Sample lyrics snippet...,Waves,R&B
cancion,Crimson Visions,3.2,Mia Moore,Sample lyrics snippet...,Waves,Reggaeton
cancion,Fallen Steps,3.2,Amelia Wilson,Sample lyrics snippet...,Origins,Rock
cancion,Wild Dreams,4.1,Lucas Smith,Sample lyrics snippet...,Odyssey,Hip-Hop
cancion,Lonely Borders,3.9,Liam Thompson,Sample lyrics snippet...,Echoes,Hip-Hop
cancion,Midnight Memories,3.0,Isabella Taylor,Sample lyrics snippet...,Horizons,Electrónica
cancion,Silent Visions,5.0,Lucas Jackson,Sample lyrics snippet...,Odyssey,Electrónica
cancion,Lost Stars,4.2,Isabella Sanchez,Sample lyrics snippet...,Silhouettes,R&B
cancion,Endless Hearts,3.2,Lucas Lee,Sample lyrics snippet...,Spectrum,Clásica
cancion,Broken Waves,3.4,Ema Smith,Sample lyrics snippet...,Waves,Clásica
cancion,Velvet Waves,4.8,Mia Moore,Sample lyrics snippet...,Reflections,Clásica
cancion,Electric Storms,3.0,Ema Moore,Sample lyrics snippet...,Echoes,Electrónica
cancion,Lost Waves,2.8,Lucas Anderson,Sample lyrics snippet...,Echoes,Reggaeton
cancion,Broken Hearts,3.1,Liam Moore,Sample lyrics snippet...,Reflections,Electrónica
cancion,Dreaming Steps,5.5,Ethan Thomas,Sample lyrics snippet...,Origins,Hip-Hop
cancion,Lonely Mirrors,5.4,Isabella Martin,Sample lyrics snippet...,Odyssey,Country
cancion,Hidden Horizons,3.0,Luna Martinez,Sample lyrics snippet...,Spectrum,Reggaeton
cancion,Fading Flames,3.4,Valentina Lopez,Sample lyrics snippet...,Spectrum,Hip-Hop
cancion,Endless Voices,4.9,Charlotte Sanchez,Sample lyrics snippet...,Paradise,Jazz
cancion,Crimson Borders,4.7,Benjamin Thompson,Sample lyrics snippet...,Echoes,Pop
cancion,Midnight Echoes,4.0,Amelia Hernandez,Sample lyrics snippet...,Horizons,Country
cancion,Dreaming Storms,4.3,Ava White,Sample lyrics snippet...,Waves,Clásica
cancion,Dreaming Echoes,3.7,Sofia Anderson,Sample lyrics snippet...,Odyssey,Reggaeton
cancion,Electric Horizons,4.0,Luna Brown,Sample lyrics snippet...,Odyssey,Hip-Hop
cancion,Silent Horizons,4.4,Olivia Hernandez,Sample lyrics snippet...,Spectrum,Pop
cancion,Crystal Borders,2.7,Ava Anderson,Sample lyrics snippet...,Silhouettes,Clásica
cancion,Midnight Voices,5.4,Ema Smith,Sample lyrics snippet...,Spectrum,Electrónica
cancion,Neon Paths,5.1,Noah Thompson,Sample lyrics snippet...,Paradise,Reggaeton
cancion,Neon Rivers,2.5,Oliver Johnson,Sample lyrics snippet...,Paradise,Country
cancion,Fallen Rivers,2.7,Ethan Smith,Sample lyrics snippet...,Spectrum,Clásica
cancion,Broken Storms,3.5,Mia Lopez,Sample lyrics snippet...,Paradise,R&B
cancion,Silent Waves,3.3,Isabella Lopez,Sample lyrics snippet...,Origins,Rock
cancion,Velvet Flames,3.0,Sofia Thomas,Sample lyrics snippet...,Spectrum,Reggaeton
cancion,Silent Horizons,3.6,Ema White,Sample lyrics snippet...,Echoes,Reggaeton
cancion,Lonely Paths,5.1,Isabella Martinez,Sample lyrics snippet...,Horizons,Reggaeton
cancion,Neon Dreams,4.8,Sofia Taylor,Sample lyrics snippet...,Spectrum,Indie
cancion,Endless Horizons,3.7,Olivia Thomas,Sample lyrics snippet...,Spectrum,Electrónica
cancion,Fading Visions,5.0,Amelia Martinez,Sample lyrics snippet...,Waves,Electrónica
cancion,Endless Rivers,4.2,Camila Jackson,Sample lyrics snippet...,Horizons,Rock
cancion,Broken Borders,4.0,Oliver Perez,Sample lyrics snippet...,Spectrum,Clásica
cancion,Neon Memories,3.5,Sebastian Moore,Sample lyrics snippet...,Voyager,Clásica
cancion,Electric Visions,4.7,Ethan Hernandez,Sample lyrics snippet...,Waves,Hip-Hop
cancion,Stormy Lights,2.5,Oliver Wilson,Sample lyrics snippet...,Paradise,Rock
cancion,Silent Mirrors,3.8,Amelia Perez,Sample lyrics snippet...,Spectrum,Hip-Hop
cancion,Fallen Hearts,4.9,Benjamin Garcia,Sample lyrics snippet...,Waves,Country
cancion,Golden Voices,5.1,Sofia Moore,Sample lyrics snippet...,Reflections,Jazz
cancion,Golden Flames,4.8,Camila Garcia,Sample lyrics snippet...,Odyssey,R&B
cancion,Blazing Borders,2.7,Noah Brown,Sample lyrics snippet...,Horizons,Hip-Hop
cancion,Blazing Paths,4.0,Sofia Thompson,Sample lyrics snippet...,Horizons,Indie
cancion,Fallen Skies,4.1,Charlotte Wilson,Sample lyrics snippet...,Silhouettes,Country
cancion,Midnight Skies,3.2,Benjamin Hernandez,Sample lyrics snippet...,Paradise,Electrónica
cancion,Crystal Waves,4.3,Lucas Garcia,Sample lyrics snippet...,Origins,Clásica
cancion,Fading Secrets,4.3,Amelia Sanchez,Sample lyrics snippet...,Spectrum,Country
cancion,Electric Storms,4.6,Mia Martinez,Sample lyrics snippet...,Horizons,Indie
cancion,Endless Dreams,2.6,Ava Anderson,Sample lyrics snippet...,Odyssey,Hip-Hop
cancion,Endless Dreams,5.1,Charlotte Brown,Sample lyrics snippet...,Odyssey,Reggaeton
cancion,Crimson Hearts,2.7,Charlotte Anderson,Sample lyrics snippet...,Origins,Country
cancion,Hidden Flames,3.6,Ethan Johnson,Sample lyrics snippet...,Silhouettes,Indie
cancion,Midnight Steps,3.1,Noah Smith,Sample lyrics snippet...,Origins,Hip-Hop
cancion,Broken Memories,3.7,Ema Perez,Sample lyrics snippet...,Reflections,Jazz
cancion,Dreaming Secrets,2.7,Noah Garcia,Sample lyrics snippet...,Spectrum,Reggaeton
cancion,Shadow Dreams,3.7,Elijah Gonzalez,Sample lyrics snippet...,Horizons,Indie
cancion,Crystal Dreams,3.5,Luna Hernandez,Sample lyrics snippet...,Echoes,Indie
cancion,Broken Visions,3.7,Luna Anderson,Sample lyrics snippet...,Voyager,Indie
cancion,Endless Storms,4.7,Sebastian Jackson,Sample lyrics snippet...,Reflections,Pop
cancion,Dreaming Waves,2.5,Ethan Brown,Sample lyrics snippet...,Waves,Clásica
cancion,Lonely Echoes,5.2,Mateo Wilson,Sample lyrics snippet...,Waves,Indie
cancion,Broken Horizons,3.1,Valentina Anderson,Sample lyrics snippet...,Spectrum,Indie
cancion,Neon Flames,5.3,Valentina Perez,Sample lyrics snippet...,Odyssey,Reggaeton
cancion,Shadow Rivers,5.3,Oliver Thompson,Sample lyrics snippet...,Reflections,Electrónica
cancion,Endless Echoes,5.4,Ava Smith,Sample lyrics snippet...,Silhouettes,Rock
cancion,Crystal Echoes,2.9,Elijah Martin,Sample lyrics snippet...,Silhouettes,Reggaeton
cancion,Shadow Echoes,2.5,Benjamin Hernandez,Sample lyrics snippet...,Odyssey,Country
cancion,Midnight Stars,2.6,Oliver Taylor,Sample lyrics snippet...,Spectrum,Reggaeton
cancion,Fading Horizons,2.8,Olivia Johnson,Sample lyrics snippet...,Odyssey,Pop
cancion,Wild Borders,2.9,Mia Johnson,Sample lyrics snippet...,Paradise,Rock
cancion,Electric Steps,4.5,Luna Garcia,Sample lyrics snippet...,Waves,Reggaeton
cancion,Crimson Lights,5.0,Olivia Gonzalez,Sample lyrics snippet...,Paradise,Hip-Hop
cancion,Lonely Hearts,2.6,Sofia Moore,Sample lyrics snippet...,Voyager,Electrónica
cancion,Lost Memories,4.2,Mateo Anderson,Sample lyrics snippet...,Spectrum,Hip-Hop
cancion,Broken Hearts,2.9,Valentina Hernandez,Sample lyrics snippet...,Spectrum,Hip-Hop
cancion,Stormy Hearts,2.7,Oliver Jackson,Sample lyrics snippet...,Voyager,Jazz
cancion,Lonely Mirrors,3.9,Benjamin Lee,Sample lyrics snippet...,Silhouettes,Clásica
cancion,Lost Visions,4.5,Ema Thompson,Sample lyrics snippet...,Origins,Reggaeton
cancion,Endless Mirrors,4.3,Lucas Sanchez,Sample lyrics snippet...,Horizons,R&B
cancion,Lonely Steps,5.4,Ava Moore,Sample lyrics snippet...,Silhouettes,Hip-Hop
cancion,Crystal Horizons,3.6,Elijah Sanchez,Sample lyrics snippet...,Silhouettes,Country
cancion,Golden Memories,3.6,Liam Taylor,Sample lyrics snippet...,Spectrum,R&B
cancion,Endless Flames,4.0,Lucas Sanchez,Sample lyrics snippet...,Waves,Country
cancion,Shadow Horizons,3.3,Mia Martin,Sample lyrics snippet...,Odyssey,Hip-Hop
cancion,Velvet Visions,4.5,Mia Thompson,Sample lyrics snippet...,Echoes,Indie
cancion,Crystal Flames,2.9,Luna Thompson,Sample lyrics snippet...,Waves,R&B
cancion,Crystal Rivers,4.6,Charlotte Brown,Sample lyrics snippet...,Paradise,Clásica
cancion,Crimson Visions,3.1,Mia Thomas,Sample lyrics snippet...,Reflections,Pop
cancion,Electric Skies,3.8,Ava Thompson,Sample lyrics snippet...,Paradise,Hip-Hop
cancion,Dreaming Dreams,3.7,Luna Lopez,Sample lyrics snippet...,Spectrum,Reggaeton
cancion,Neon Mirrors,3.2,Elijah Anderson,Sample lyrics snippet...,Silhouettes,Clásica
cancion,Shadow Visions,5.4,Noah Gonzalez,Sample lyrics snippet...,Reflections,Reggaeton
cancion,Neon Waves,4.2,Camila Garcia,Sample lyrics snippet...,Waves,Clásica
cancion,Stormy Borders,2.9,Ema Johnson,Sample lyrics snippet...,Echoes,Indie
cancion,Stormy Flames,4.4,Mateo Johnson,Sample lyrics snippet...,Horizons,Pop
cancion,Fading Visions,3.7,Ava Lopez,Sample lyrics snippet...,Spectrum,Country
cancion,Broken Roads,5.4,Ava Taylor,Sample lyrics snippet...,Waves,R&B
cancion,Hidden Visions,3.4,Ethan Martin,Sample lyrics snippet...,Reflections,R&B
cancion,Silent Visions,5.3,Olivia Lopez,Sample lyrics snippet...,Silhouettes,Electrónica
cancion,Dreaming Horizons,5.2,Sebastian Jackson,Sample lyrics snippet...,Odyssey,Hip-Hop
cancion,Electric Roads,5.1,Olivia Gonzalez,Sample lyrics snippet...,Paradise,R&B
cancion,Dreaming Voices,5.5,Benjamin Brown,Sample lyrics snippet...,Odyssey,Reggaeton
cancion,Velvet Memories,3.4,Oliver Garcia,Sample lyrics snippet...,Voyager,Clásica
cancion,Wild Steps,5.3,Charlotte Perez,Sample lyrics snippet...,Waves,Reggaeton
cancion,Midnight Horizons,4.4,Luna Anderson,Sample lyrics snippet...,Odyssey,Pop
cancion,Neon Dreams,5.1,Ethan Martin,Sample lyrics snippet...,Origins,Country
cancion,Broken Lights,5.2,Ethan Brown,Sample lyrics snippet...,Reflections,Clásica
cancion,Fallen Hearts,4.5,Ema Martinez,Sample lyrics snippet...,Voyager,Electrónica
cancion,Electric Echoes,4.2,Elijah Wilson,Sample lyrics snippet...,Horizons,Clásica
cancion,Shadow Mirrors,3.1,Liam Wilson,Sample lyrics snippet...,Horizons,Hip-Hop
cancion,Lost Roads,3.5,Luna Martinez,Sample lyrics snippet...,Odyssey,Pop
cancion,Broken Visions,4.4,Mia Martin,Sample lyrics snippet...,Paradise,Hip-Hop
cancion,Crystal Rivers,5.4,Noah Taylor,Sample lyrics snippet...,Origins,Reggaeton
cancion,Lonely Rivers,5.5,Sebastian Wilson,Sample lyrics snippet...,Echoes,Rock
cancion,Endless Visions,2.7,Olivia Wilson,Sample lyrics snippet...,Horizons,Jazz
cancion,Wild Storms,2.7,Liam Hernandez,Sample lyrics snippet...,Voyager,Electrónica
cancion,Crimson Memories,4.3,Noah Lopez,Sample lyrics snippet...,Spectrum,R&B
cancion,Electric Lights,4.3,Liam Hernandez,Sample lyrics snippet...,Silhouettes,Rock
cancion,Shadow Secrets,3.0,Elijah Anderson,Sample lyrics snippet...,Reflections,Electrónica
cancion,Dreaming Rivers,4.2,Ethan Lee,Sample lyrics snippet...,Voyager,Rock
cancion,Wild Secrets,5.3,Lucas Taylor,Sample lyrics snippet...,Silhouettes,Hip-Hop
cancion,Midnight Memories,4.0,Charlotte Gonzalez,Sample lyrics snippet...,Spectrum,Jazz
cancion,Fallen Borders,3.9,Noah Thompson,Sample lyrics snippet...,Spectrum,Indie
cancion,Shadow Stars,4.6,Ema Smith,Sample lyrics snippet...,Echoes,Pop
cancion,Golden Rivers,4.3,Ethan Garcia,Sample lyrics snippet...,Waves,Electrónica
cancion,Fallen Skies,4.0,Sofia Wilson,Sample lyrics snippet...,Echoes,R&B
cancion,Crystal Stars,4.3,Sebastian Anderson,Sample lyrics snippet...,Paradise,Jazz
cancion,Blazing Memories,2.8,Ema Sanchez,Sample lyrics snippet...,Echoes,Hip-Hop
cancion,Lonely Mirrors,5.1,Camila Garcia,Sample lyrics snippet...,Voyager,Rock
cancion,Neon Waves,3.1,Lucas Sanchez,Sample lyrics snippet...,Reflections,Hip-Hop
cancion,Crystal Flames,4.4,Camila Wilson,Sample lyrics snippet...,Echoes,Electrónica
cancion,Dreaming Steps,4.5,Noah Thompson,Sample lyrics snippet...,Spectrum,Pop
cancion,Golden Rivers,5.0,Benjamin Lopez,Sample lyrics snippet...,Voyager,Electrónica
cancion,Fallen Stars,3.9,Ema Taylor,Sample lyrics snippet...,Waves,Hip-Hop
cancion,Lost Voices,3.9,Ethan Hernandez,Sample lyrics snippet...,Spectrum,Reggaeton
cancion,Blazing Dreams,2.8,Elijah Brown,Sample lyrics snippet...,Horizons,Country
cancion,Dreaming Voices,4.2,Ava Gonzalez,Sample lyrics snippet...,Origins,Pop
cancion,Crimson Secrets,4.1,Sofia Sanchez,Sample lyrics snippet...,Silhouettes,Country
cancion,Dreaming Echoes,4.5,Ema Anderson,Sample lyrics snippet...,Voyager,Hip-Hop
cancion,Fallen Memories,2.8,Luna Lopez,Sample lyrics snippet...,Origins,Hip-Hop
cancion,Hidden Stars,3.1,Camila Sanchez,Sample lyrics snippet...,Voyager,Country
cancion,Velvet Stars,5.5,Benjamin Lee,Sample lyrics snippet...,Echoes,Jazz
cancion,Endless Stars,3.6,Oliver Garcia,Sample lyrics snippet...,Origins,Country
cancion,Endless Rivers,3.4,Isabella Wilson,Sample lyrics snippet...,Echoes,Hip-Hop
cancion,Blazing Rivers,3.4,Luna Garcia,Sample lyrics snippet...,Waves,R&B
cancion,Fading Borders,5.5,Liam Thomas,Sample lyrics snippet...,Horizons,R&B
cancion,Velvet Dreams,2.6,Liam Taylor,Sample lyrics snippet...,Spectrum,Rock
cancion,Shadow Memories,3.1,Sebastian Anderson,Sample lyrics snippet...,Voyager,Reggaeton
cancion,Crystal Storms,3.6,Camila Lopez,Sample lyrics snippet...,Odyssey,Hip-Hop
cancion,Shadow Paths,3.7,Ava Taylor,Sample lyrics snippet...,Origins,Clásica
cancion,Dreaming Skies,4.3,Mia Lee,Sample lyrics snippet...,Silhouettes,Indie
cancion,Stormy Mirrors,3.0,Ethan Martinez,Sample lyrics snippet...,Origins,Indie
cancion,Broken Secrets,3.0,Sofia White,Sample lyrics snippet...,Silhouettes,Reggaeton
cancion,Fading Secrets,3.1,Lucas Perez,Sample lyrics snippet...,Odyssey,Indie
cancion,Velvet Dreams,5.1,Mateo Lee,Sample lyrics snippet...,Spectrum,Rock
cancion,Midnight Dreams,3.3,Elijah Perez,Sample lyrics snippet...,Origins,Country
cancion,Lonely Skies,4.4,Ethan Hernandez,Sample lyrics snippet...,Reflections,R&B
cancion,Fading Roads,3.0,Ethan Lopez,Sample lyrics snippet...,Origins,Indie
cancion,Crimson Mirrors,4.6,Camila Wilson,Sample lyrics snippet...,Reflections,R&B
cancion,Golden Memories,4.2,Mateo Martin,Sample lyrics snippet...,Echoes,Reggaeton
cancion,Stormy Borders,5.5,Sebastian Garcia,Sample lyrics snippet...,Silhouettes,Clásica
cancion,Crimson Horizons,5.1,Ava Wilson,Sample lyrics snippet...,Reflections,R&B
cancion,Velvet Echoes,2.6,Mia Johnson,Sample lyrics snippet...,Paradise,Clásica
cancion,Endless Paths,4.3,Isabella Taylor,Sample lyrics snippet...,Paradise,Hip-Hop
cancion,Neon Stars,2.7,Mia Gonzalez,Sample lyrics snippet...,Silhouettes,Indie
cancion,Golden Roads,4.0,Valentina Lopez,Sample lyrics snippet...,Paradise,Reggaeton
cancion,Fading Secrets,4.7,Mateo Smith,Sample lyrics snippet...,Echoes,Country
cancion,Stormy Lights,4.4,Lucas Taylor,Sample lyrics snippet...,Reflections,Reggaeton
cancion,Wild Paths,5.0,Camila Thomas,Sample lyrics snippet...,Echoes,Rock
cancion,Endless Voices,2.8,Elijah White,Sample lyrics snippet...,Reflections,Jazz
cancion,Crystal Hearts,2.8,Mia Lopez,Sample lyrics snippet...,Waves,Rock
cancion,Wild Echoes,5.0,Luna Johnson,Sample lyrics snippet...,Silhouettes,R&B
cancion,Golden Steps,5.3,Amelia Johnson,Sample lyrics snippet...,Paradise,Rock
cancion,Stormy Steps,5.1,Luna Johnson,Sample lyrics snippet...,Spectrum,Pop
cancion,Lost Lights,4.5,Ema Moore,Sample lyrics snippet...,Spectrum,Reggaeton
cancion,Silent Stars,3.9,Liam Lopez,Sample lyrics snippet...,Paradise,Electrónica
cancion,Dreaming Memories,5.1,Ava Thomas,Sample lyrics snippet...,Silhouettes,Country
cancion,Velvet Echoes,2.7,Mateo Hernandez,Sample lyrics snippet...,Paradise,Hip-Hop
cancion,Electric Steps,5.0,Sebastian Smith,Sample lyrics snippet...,Horizons,R&B
cancion,Fading Skies,5.4,Sebastian Brown,Sample lyrics snippet...,Reflections,Indie
cancion,Lost Secrets,3.2,Lucas Smith,Sample lyrics snippet...,Odyssey,Reggaeton
cancion,Endless Steps,3.4,Ema Lee,Sample lyrics snippet...,Origins,Clásica
cancion,Wild Visions,5.2,Sebastian Hernandez,Sample lyrics snippet...,Voyager,Country
cancion,Golden Steps,5.0,Mateo Garcia,Sample lyrics snippet...,Spectrum,Country
cancion,Lonely Dreams,2.9,Amelia Perez,Sample lyrics snippet...,Waves,Electrónica
cancion,Shadow Mirrors,5.0,Mateo Martin,Sample lyrics snippet...,Paradise,Hip-Hop
cancion,Hidden Rivers,3.8,Elijah Martinez,Sample lyrics snippet...,Spectrum,Reggaeton
cancion,Lost Paths,2.5,Olivia Hernandez,Sample lyrics snippet...,Silhouettes,Country
cancion,Lonely Waves,5.2,Valentina Brown,Sample lyrics snippet...,Voyager,Electrónica
cancion,Golden Mirrors,3.8,Liam White,Sample lyrics snippet...,Paradise,Country
cancion,Golden Borders,2.7,Mateo Hernandez,Sample lyrics snippet...,Silhouettes,Rock
cancion,Hidden Waves,3.0,Sebastian Jackson,Sample lyrics snippet...,Waves,Indie
cancion,Wild Stars,5.4,Sofia Sanchez,Sample lyrics snippet...,Waves,Pop
cancion,Endless Flames,5.5,Mateo Brown,Sample lyrics snippet...,Waves,Rock
cancion,Endless Dreams,5.5,Sofia Sanchez,Sample lyrics snippet...,Paradise,Pop
cancion,Broken Roads,2.9,Mateo Garcia,Sample lyrics snippet...,Silhouettes,Pop
cancion,Shadow Flames,3.2,Olivia Lee,Sample lyrics snippet...,Echoes,Pop
cancion,Wild Voices,4.4,Lucas Jackson,Sample lyrics snippet...,Origins,Rock
cancion,Shadow Hearts,5.2,Camila Gonzalez,Sample lyrics snippet...,Paradise,Country
cancion,Stormy Paths,4.7,Amelia Sanchez,Sample lyrics snippet...,Waves,Jazz
cancion,Fallen Horizons,3.1,Ava Sanchez,Sample lyrics snippet...,Reflections,Indie
cancion,Neon Memories,3.0,Noah White,Sample lyrics snippet...,Horizons,Pop
cancion,Velvet Stars,4.0,Sebastian Taylor,Sample lyrics snippet...,Echoes,Pop
cancion,Fallen Roads,2.5,Luna Taylor,Sample lyrics snippet...,Waves,Hip-Hop
cancion,Broken Visions,4.1,Elijah Martin,Sample lyrics snippet...,Odyssey,Rock
cancion,Crimson Memories,2.6,Mateo Lopez,Sample lyrics snippet...,Voyager,R&B
cancion,Dreaming Voices,3.9,Oliver Jackson,Sample lyrics snippet...,Voyager,R&B
cancion,Fading Waves,4.6,Sebastian Lopez,Sample lyrics snippet...,Silhouettes,Reggaeton
cancion,Crimson Visions,5.3,Camila Lopez,Sample lyrics snippet...,Spectrum,Electrónica
cancion,Broken Roads,2.5,Valentina Lopez,Sample lyrics snippet...,Reflections,Hip-Hop
cancion,Blazing Memories,2.7,Isabella Lee,Sample lyrics snippet...,Horizons,Hip-Hop
cancion,Blazing Roads,3.1,Lucas Lee,Sample lyrics snippet...,Origins,Jazz
cancion,Midnight Stars,4.0,Lucas Thompson,Sample lyrics snippet...,Reflections,Hip-Hop
cancion,Silent Lights,3.1,Elijah Johnson,Sample lyrics snippet...,Silhouettes,Indie
cancion,Electric Rivers,5.4,Charlotte White,Sample lyrics snippet...,Spectrum,Electrónica
cancion,Lost Visions,3.1,Lucas Gonzalez,Sample lyrics snippet...,Voyager,Reggaeton
cancion,Velvet Storms,5.3,Mateo Perez,Sample lyrics snippet...,Waves,Clásica
cancion,Midnight Lights,5.2,Luna Taylor,Sample lyrics snippet...,Spectrum,Clásica
cancion,Fading Rivers,4.3,Mateo Smith,Sample lyrics snippet...,Origins,Hip-Hop
cancion,Broken Memories,3.4,Camila Lee,Sample lyrics snippet...,Odyssey,Rock
cancion,Wild Paths,2.5,Amelia Gonzalez,Sample lyrics snippet...,Echoes,Country
cancion,Midnight Memories,5.4,Elijah Johnson,Sample lyrics snippet...,Spectrum,Pop
cancion,Shadow Storms,4.0,Mateo Sanchez,Sample lyrics snippet...,Silhouettes,R&B
cancion,Neon Hearts,2.7,Sofia Taylor,Sample lyrics snippet...,Silhouettes,Pop
cancion,Silent Secrets,4.4,Olivia Thomas,Sample lyrics snippet...,Reflections,Clásica
cancion,Fading Dreams,3.4,Ethan Brown,Sample lyrics snippet...,Paradise,Electrónica
cancion,Wild Horizons,3.2,Mia White,Sample lyrics snippet...,Spectrum,Electrónica
cancion,Blazing Roads,4.6,Mateo Taylor,Sample lyrics snippet...,Voyager,Hip-Hop
cancion,Broken Roads,2.9,Ethan Garcia,Sample lyrics snippet...,Echoes,Reggaeton
cancion,Lonely Hearts,3.1,Lucas Johnson,Sample lyrics snippet...,Echoes,Rock
cancion,Lonely Waves,3.5,Olivia Garcia,Sample lyrics snippet...,Voyager,Jazz
cancion,Fading Stars,3.5,Benjamin Wilson,Sample lyrics snippet...,Odyssey,Indie
cancion,Endless Roads,4.1,Isabella Smith,Sample lyrics snippet...,Silhouettes,R&B
cancion,Shadow Memories,2.9,Oliver Wilson,Sample lyrics snippet...,Odyssey,Country
cancion,Broken Hearts,4.9,Oliver Martinez,Sample lyrics snippet...,Paradise,Reggaeton
cancion,Velvet Steps,5.2,Noah Moore,Sample lyrics snippet...,Reflections,R&B
cancion,Fallen Paths,5.1,Oliver Thompson,Sample lyrics snippet...,Paradise,Pop
cancion,Velvet Rivers,5.2,Mateo Garcia,Sample lyrics snippet...,Spectrum,Clásica
cancion,Fallen Memories,3.5,Oliver Lopez,Sample lyrics snippet...,Waves,Country
cancion,Broken Hearts,5.1,Elijah Perez,Sample lyrics snippet...,Horizons,Pop
cancion,Velvet Rivers,3.7,Lucas Hernandez,Sample lyrics snippet...,Origins,Pop
cancion,Electric Dreams,4.0,Benjamin Perez,Sample lyrics snippet...,Reflections,Pop
cancion,Neon Skies,4.0,Ava Lopez,Sample lyrics snippet...,Echoes,Rock
cancion,Electric Memories,4.2,Oliver White,Sample lyrics snippet...,Odyssey,Pop
cancion,Broken Rivers,5.2,Luna Perez,Sample lyrics snippet...,Voyager,Rock
cancion,Stormy Stars,2.9,Sofia Lopez,Sample lyrics snippet...,Paradise,Jazz
cancion,Crystal Rivers,5.1,Oliver Hernandez,Sample lyrics snippet...,Paradise,Jazz
cancion,Endless Steps,3.6,Lucas Taylor,Sample lyrics snippet...,Paradise,R&B
cancion,Midnight Skies,5.4,Luna Garcia,Sample lyrics snippet...,Horizons,Country
cancion,Dreaming Rivers,2.9,Lucas Lee,Sample lyrics snippet...,Paradise,Country
cancion,Dreaming Echoes,4.7,Camila Thomas,Sample lyrics snippet...,Silhouettes,Indie
cancion,Wild Flames,4.0,Benjamin Johnson,Sample lyrics snippet...,Paradise,R&B
cancion,Dreaming Echoes,3.4,Sofia Jackson,Sample lyrics snippet...,Paradise,Country
cancion,Endless Borders,5.2,Elijah White,Sample lyrics snippet...,Horizons,Reggaeton
cancion,Lost Skies,3.5,Elijah Taylor,Sample lyrics snippet...,Echoes,Jazz
cancion,Hidden Secrets,3.1,Olivia Gonzalez,Sample lyrics snippet...,Voyager,Rock
cancion,Velvet Steps,4.6,Sebastian White,Sample lyrics snippet...,Odyssey,Rock
cancion,Lost Rivers,4.5,Benjamin Anderson,Sample lyrics snippet...,Waves,Clásica
cancion,Neon Steps,4.2,Ava Wilson,Sample lyrics snippet...,Horizons,Indie
cancion,Midnight Storms,5.1,Sebastian Smith,Sample lyrics snippet...,Silhouettes,Rock
cancion,Midnight Secrets,3.4,Liam White,Sample lyrics snippet...,Paradise,Country
cancion,Blazing Paths,4.9,Charlotte Martin,Sample lyrics snippet...,Reflections,Reggaeton
cancion,Dreaming Hearts,4.2,Oliver Moore,Sample lyrics snippet...,Silhouettes,Country
cancion,Endless Voices,4.6,Amelia Anderson,Sample lyrics snippet...,Paradise,Clásica
cancion,Fallen Storms,3.1,Elijah Thompson,Sample lyrics snippet...,Echoes,Rock
cancion,Broken Steps,3.6,Charlotte Brown,Sample lyrics snippet...,Spectrum,Reggaeton
cancion,Golden Borders,4.4,Ava Smith,Sample lyrics snippet...,Spectrum,Hip-Hop
cancion,Fading Echoes,3.6,Sofia Martin,Sample lyrics snippet...,Horizons,Pop
cancion,Velvet Skies,4.1,Valentina Sanchez,Sample lyrics snippet...,Waves,Electrónica
cancion,Neon Rivers,3.2,Luna Thompson,Sample lyrics snippet...,Echoes,Indie
cancion,Golden Storms,3.0,Liam Taylor,Sample lyrics snippet...,Odyssey,Clásica
cancion,Endless Mirrors,4.2,Luna Gonzalez,Sample lyrics snippet...,Silhouettes,Jazz
cancion,Endless Skies,5.0,Elijah Thompson,Sample lyrics snippet...,Echoes,Pop
cancion,Wild Mirrors,4.1,Liam Smith,Sample lyrics snippet...,Reflections,Pop
cancion,Broken Voices,4.5,Luna Garcia,Sample lyrics snippet...,Odyssey,Jazz
cancion,Broken Mirrors,4.0,Charlotte Anderson,Sample lyrics snippet...,Origins,Clásica
cancion,Lost Roads,3.0,Elijah Moore,Sample lyrics snippet...,Reflections,Rock
cancion,Lost Waves,4.6,Sofia Anderson,Sample lyrics snippet...,Reflections,Jazz
cancion,Lost Roads,4.0,Lucas White,Sample lyrics snippet...,Reflections,R&B
cancion,Shadow Waves,3.0,Isabella Garcia,Sample lyrics snippet...,Reflections,Country
cancion,Crimson Secrets,4.0,Mia Jackson,Sample lyrics snippet...,Horizons,Indie
cancion,Hidden Paths,4.6,Luna Wilson,Sample lyrics snippet...,Spectrum,Electrónica
cancion,Fallen Horizons,3.8,Ema Lee,Sample lyrics snippet...,Horizons,Country
cancion,Neon Dreams,4.9,Liam Brown,Sample lyrics snippet...,Odyssey,Indie
cancion,Velvet Voices,2.9,Ema Lopez,Sample lyrics snippet...,Echoes,Electrónica
cancion,Velvet Visions,4.5,Lucas Jackson,Sample lyrics snippet...,Waves,Country
cancion,Lonely Horizons,2.6,Camila Wilson,Sample lyrics snippet...,Reflections,Country
cancion,Lost Echoes,3.4,Ethan Garcia,Sample lyrics snippet...,Odyssey,Rock
cancion,Lonely Roads,2.6,Isabella Gonzalez,Sample lyrics snippet...,Waves,Pop
cancion,Endless Paths,2.7,Mia Johnson,Sample lyrics snippet...,Echoes,Pop
cancion,Fading Steps,2.8,Sofia Thomas,Sample lyrics snippet...,Odyssey,Clásica
cancion,Endless Rivers,4.1,Noah Martinez,Sample lyrics snippet...,Echoes,Indie
cancion,Crimson Steps,2.7,Sebastian Moore,Sample lyrics snippet...,Horizons,Country
cancion,Golden Horizons,4.7,Elijah Brown,Sample lyrics snippet...,Echoes,Country
cancion,Broken Skies,4.4,Liam Jackson,Sample lyrics snippet...,Voyager,R&B
cancion,Midnight Skies,3.4,Ethan Sanchez,Sample lyrics snippet...,Spectrum,Hip-Hop
cancion,Blazing Paths,2.8,Luna Anderson,Sample lyrics snippet...,Silhouettes,Country
cancion,Lonely Visions,4.0,Sebastian White,Sample lyrics snippet...,Odyssey,Rock
cancion,Velvet Roads,4.2,Noah White,Sample lyrics snippet...,Waves,Clásica
cancion,Lost Borders,4.0,Oliver Thomas,Sample lyrics snippet...,Horizons,Jazz
cancion,Lonely Secrets,5.0,Ava Wilson,Sample lyrics snippet...,Origins,Reggaeton
cancion,Electric Mirrors,4.8,Noah Brown,Sample lyrics snippet...,Reflections,Reggaeton
cancion,Stormy Storms,4.3,Ema Perez,Sample lyrics snippet...,Paradise,Clásica
cancion,Midnight Borders,3.7,Sofia Martinez,Sample lyrics snippet...,Horizons,R&B
cancion,Velvet Mirrors,5.3,Charlotte Johnson,Sample lyrics snippet...,Voyager,Indie
cancion,Endless Dreams,3.2,Olivia Lee,Sample lyrics snippet...,Origins,Reggaeton
cancion,Stormy Echoes,3.3,Mia White,Sample lyrics snippet...,Spectrum,Rock
cancion,Lost Flames,3.9,Oliver Gonzalez,Sample lyrics snippet...,Echoes,Jazz
cancion,Fallen Flames,4.4,Sofia Jackson,Sample lyrics snippet...,Paradise,Jazz
cancion,Blazing Secrets,3.1,Olivia Anderson,Sample lyrics snippet...,Waves,Electrónica
cancion,Lost Waves,3.8,Camila Lee,Sample lyrics snippet...,Silhouettes,Rock
cancion,Electric Memories,4.2,Ethan Gonzalez,Sample lyrics snippet...,Origins,Hip-Hop
cancion,Golden Dreams,4.4,Oliver Martin,Sample lyrics snippet...,Voyager,Country
cancion,Electric Visions,2.9,Mia Hernandez,Sample lyrics snippet...,Voyager,R&B
cancion,Electric Secrets,3.9,Olivia Martinez,Sample lyrics snippet...,Origins,Jazz
cancion,Broken Borders,4.1,Olivia White,Sample lyrics snippet...,Reflections,Hip-Hop
cancion,Wild Rivers,3.5,Sebastian Martin,Sample lyrics snippet...,Origins,Reggaeton
cancion,Broken Voices,3.2,Lucas White,Sample lyrics snippet...,Reflections,Jazz
cancion,Midnight Hearts,4.9,Benjamin Gonzalez,Sample lyrics snippet...,Odyssey,Electrónica
cancion,Dreaming Memories,2.7,Isabella Taylor,Sample lyrics snippet...,Voyager,Country
cancion,Broken Horizons,3.4,Ava Moore,Sample lyrics snippet...,Spectrum,Country
cancion,Electric Dreams,5.5,Camila Thompson,Sample lyrics snippet...,Spectrum,Indie
cancion,Shadow Voices,5.2,Amelia Martinez,Sample lyrics snippet...,Reflections,Pop
cancion,Hidden Borders,4.4,Liam Gonzalez,Sample lyrics snippet...,Silhouettes,Clásica
cancion,Velvet Roads,4.6,Valentina Taylor,Sample lyrics snippet...,Paradise,Electrónica
cancion,Neon Waves,4.9,Sebastian Garcia,Sample lyrics snippet...,Odyssey,Electrónica
cancion,Blazing Rivers,2.6,Olivia Thompson,Sample lyrics snippet...,Voyager,Pop
cancion,Lonely Voices,5.1,Olivia Martinez,Sample lyrics snippet...,Voyager,Reggaeton
cancion,Crimson Hearts,3.4,Amelia Johnson,Sample lyrics snippet...,Waves,R&B
cancion,Velvet Voices,4.7,Liam Taylor,Sample lyrics snippet...,Origins,Country
cancion,Stormy Skies,4.3,Ava Anderson,Sample lyrics snippet...,Spectrum,R&B
cancion,Blazing Secrets,3.5,Elijah White,Sample lyrics snippet...,Waves,Country
cancion,Hidden Lights,2.9,Sofia Jackson,Sample lyrics snippet...,Reflections,Clásica
cancion,Electric Visions,3.7,Liam Thomas,Sample lyrics snippet...,Waves,Indie
cancion,Broken Dreams,3.2,Charlotte Lee,Sample lyrics snippet...,Waves,Pop
cancion,Fading Roads,5.2,Valentina Anderson,Sample lyrics snippet...,Voyager,Clásica
cancion,Endless Steps,3.6,Olivia Smith,Sample lyrics snippet...,Spectrum,Reggaeton
cancion,Velvet Stars,3.7,Amelia Jackson,Sample lyrics snippet...,Spectrum,Pop
cancion,Dreaming Flames,2.7,Sebastian Moore,Sample lyrics snippet...,Spectrum,R&B
cancion,Crystal Secrets,4.0,Camila Thomas,Sample lyrics snippet...,Origins,Indie
cancion,Shadow Stars,2.5,Sebastian Lopez,Sample lyrics snippet...,Reflections,Electrónica
cancion,Silent Lights,5.0,Elijah Wilson,Sample lyrics snippet...,Paradise,Clásica
cancion,Golden Dreams,5.3,Ava White,Sample lyrics snippet...,Origins,R&B
cancion,Blazing Rivers,5.2,Oliver Thompson,Sample lyrics snippet...,Horizons,Pop
cancion,Crystal Lights,2.8,Camila Sanchez,Sample lyrics snippet...,Odyssey,Reggaeton
cancion,Dreaming Visions,3.6,Mateo Lopez,Sample lyrics snippet...,Voyager,Pop
cancion,Shadow Horizons,3.6,Noah Hernandez,Sample lyrics snippet...,Reflections,Indie
cancion,Broken Storms,4.8,Ema Wilson,Sample lyrics snippet...,Paradise,Hip-Hop
cancion,Midnight Skies,2.6,Sofia Wilson,Sample lyrics snippet...,Paradise,R&B
cancion,Fallen Stars,5.2,Lucas Moore,Sample lyrics snippet...,Paradise,Hip-Hop
cancion,Fallen Storms,3.7,Ava Lopez,Sample lyrics snippet...,Horizons,Clásica
cancion,Neon Storms,3.9,Amelia Martinez,Sample lyrics snippet...,Paradise,Jazz
cancion,Crimson Secrets,5.4,Olivia Martin,Sample lyrics snippet...,Waves,Pop
cancion,Fallen Memories,4.0,Amelia Martin,Sample lyrics snippet...,Echoes,R&B
cancion,Dreaming Storms,2.6,Liam Thomas,Sample lyrics snippet...,Reflections,Hip-Hop
cancion,Crimson Dreams,5.4,Isabella Anderson,Sample lyrics snippet...,Silhouettes,R&B
cancion,Stormy Rivers,3.4,Benjamin Lee,Sample lyrics snippet...,Origins,Rock
cancion,Fallen Echoes,4.4,Sofia Sanchez,Sample lyrics snippet...,Voyager,Indie
cancion,Golden Memories,4.3,Elijah Martin,Sample lyrics snippet...,Silhouettes,Electrónica
cancion,Midnight Visions,3.1,Olivia Martin,Sample lyrics snippet...,Silhouettes,Rock
cancion,Endless Visions,2.7,Ema Wilson,Sample lyrics snippet...,Horizons,Jazz
cancion,Wild Rivers,4.3,Lucas White,Sample lyrics snippet...,Paradise,Pop
cancion,Lonely Visions,3.1,Olivia Moore,Sample lyrics snippet...,Reflections,Electrónica
cancion,Hidden Paths,4.8,Ethan Moore,Sample lyrics snippet...,Reflections,R&B
cancion,Broken Steps,4.1,Liam Garcia,Sample lyrics snippet...,Origins,Reggaeton
cancion,Neon Rivers,3.5,Noah Taylor,Sample lyrics snippet...,Reflections,Clásica
cancion,Dreaming Voices,3.6,Benjamin Smith,Sample lyrics snippet...,Echoes,Hip-Hop
cancion,Lonely Hearts,2.8,Oliver Brown,Sample lyrics snippet...,Silhouettes,Rock
cancion,Blazing Memories,3.1,Mia Martinez,Sample lyrics snippet...,Voyager,Reggaeton
cancion,Velvet Paths,5.2,Liam Sanchez,Sample lyrics snippet...,Waves,Hip-Hop
cancion,Midnight Storms,2.8,Oliver Lee,Sample lyrics snippet...,Odyssey,R&B
cancion,Blazing Stars,3.8,Charlotte Perez,Sample lyrics snippet...,Echoes,Country
cancion,Crystal Hearts,3.2,Oliver Lee,Sample lyrics snippet...,Origins,Pop
cancion,Endless Hearts,4.2,Oliver Lee,Sample lyrics snippet...,Origins,Clásica
cancion,Neon Visions,5.4,Oliver Gonzalez,Sample lyrics snippet...,Silhouettes,Electrónica
cancion,Crystal Dreams,4.3,Luna Lee,Sample lyrics snippet...,Echoes,Country
cancion,Lost Borders,3.9,Isabella Sanchez,Sample lyrics snippet...,Silhouettes,R&B
cancion,Electric Rivers,4.0,Ethan Thompson,Sample lyrics snippet...,Odyssey,Pop
cancion,Electric Dreams,3.2,Camila Perez,Sample lyrics snippet...,Odyssey,Jazz
cancion,Lonely Visions,4.8,Elijah Garcia,Sample lyrics snippet...,Horizons,Rock
cancion,Crimson Steps,4.1,Elijah Sanchez,Sample lyrics snippet...,Echoes,Indie
cancion,Hidden Storms,4.3,Olivia Martin,Sample lyrics snippet...,Paradise,R&B
cancion,Midnight Horizons,4.2,Ethan Lee,Sample lyrics snippet...,Spectrum,Rock
cancion,Golden Skies,3.6,Luna Lopez,Sample lyrics snippet...,Voyager,Pop
cancion,Hidden Memories,2.9,Oliver Jackson,Sample lyrics snippet...,Origins,Clásica
cancion,Fading Mirrors,2.8,Valentina Martin,Sample lyrics snippet...,Waves,Jazz
cancion,Golden Storms,5.3,Mateo Anderson,Sample lyrics snippet...,Echoes,Country
cancion,Midnight Memories,4.7,Elijah Thomas,Sample lyrics snippet...,Waves,Clásica
cancion,Lonely Rivers,3.2,Isabella Garcia,Sample lyrics snippet...,Silhouettes,Clásica
cancion,Fading Rivers,3.3,Ema Perez,Sample lyrics snippet...,Echoes,Rock
cancion,Dreaming Dreams,2.8,Camila Anderson,Sample lyrics snippet...,Origins,R&B
cancion,Silent Waves,5.3,Benjamin Martinez,Sample lyrics snippet...,Reflections,Clásica
cancion,Electric Borders,4.4,Oliver Perez,Sample lyrics snippet...,Origins,Electrónica
cancion,Blazing Paths,2.8,Mateo Gonzalez,Sample lyrics snippet...,Silhouettes,Reggaeton
cancion,Midnight Dreams,3.4,Elijah Hernandez,Sample lyrics snippet...,Voyager,Indie
cancion,Golden Visions,3.3,Isabella Hernandez,Sample lyrics snippet...,Origins,R&B
cancion,Endless Storms,4.5,Elijah Moore,Sample lyrics snippet...,Origins,Clásica
cancion,Velvet Waves,5.0,Ema Taylor,Sample lyrics snippet...,Waves,Rock
cancion,Dreaming Voices,4.6,Liam Wilson,Sample lyrics snippet...,Silhouettes,Indie
cancion,Silent Lights,4.9,Charlotte Garcia,Sample lyrics snippet...,Silhouettes,Reggaeton
cancion,Broken Voices,5.2,Charlotte Garcia,Sample lyrics snippet...,Voyager,R&B
cancion,Blazing Paths,5.1,Isabella Jackson,Sample lyrics snippet...,Spectrum,Jazz
cancion,Shadow Echoes,3.3,Lucas Hernandez,Sample lyrics snippet...,Voyager,Indie
cancion,Silent Storms,4.5,Benjamin Thompson,Sample lyrics snippet...,Voyager,Indie
cancion,Shadow Voices,3.2,Sofia Martin,Sample lyrics snippet...,Echoes,Indie
cancion,Shadow Hearts,4.5,Sofia Perez,Sample lyrics snippet...,Silhouettes,Indie
cancion,Hidden Horizons,3.3,Oliver Sanchez,Sample lyrics snippet...,Odyssey,R&B
cancion,Wild Memories,5.1,Isabella Thomas,Sample lyrics snippet...,Horizons,Clásica
cancion,Hidden Paths,2.9,Amelia Thompson,Sample lyrics snippet...,Odyssey,Country
cancion,Crystal Borders,2.5,Oliver Hernandez,Sample lyrics snippet...,Waves,Hip-Hop
cancion,Crimson Visions,3.6,Olivia Jackson,Sample lyrics snippet...,Reflections,Indie
cancion,Wild Steps,4.9,Valentina Martinez,Sample lyrics snippet...,Odyssey,Pop
cancion,Stormy Waves,4.3,Oliver Martin,Sample lyrics snippet...,Odyssey,Hip-Hop
cancion,Velvet Borders,3.8,Ethan Thomas,Sample lyrics snippet...,Odyssey,Jazz
cancion,Hidden Borders,2.8,Sebastian Lee,Sample lyrics snippet...,Origins,Electrónica
cancion,Velvet Steps,4.0,Camila Smith,Sample lyrics snippet...,Origins,Electrónica
cancion,Fading Borders,4.6,Lucas Lopez,Sample lyrics snippet...,Horizons,R&B
cancion,Hidden Lights,5.1,Charlotte Moore,Sample lyrics snippet...,Echoes,Jazz
cancion,Velvet Mirrors,4.0,Luna Lee,Sample lyrics snippet...,Voyager,Rock
cancion,Crimson Rivers,3.9,Valentina Lopez,Sample lyrics snippet...,Echoes,Reggaeton
cancion,Wild Flames,3.2,Isabella Hernandez,Sample lyrics snippet...,Reflections,Indie
cancion,Lonely Echoes,4.5,Oliver Gonzalez,Sample lyrics snippet...,Odyssey,Pop
cancion,Fallen Hearts,5.3,Charlotte Garcia,Sample lyrics snippet...,Paradise,R&B
cancion,Neon Paths,4.9,Sebastian Lee,Sample lyrics snippet...,Echoes,Rock
cancion,Hidden Secrets,4.8,Elijah Sanchez,Sample lyrics snippet...,Echoes,Hip-Hop
cancion,Endless Stars,3.8,Sofia Jackson,Sample lyrics snippet...,Silhouettes,Rock
cancion,Neon Visions,4.7,Camila Wilson,Sample lyrics snippet...,Origins,Jazz
cancion,Wild Rivers,4.8,Ema Johnson,Sample lyrics snippet...,Paradise,Indie
cancion,Hidden Paths,3.1,Liam Taylor,Sample lyrics snippet...,Origins,Rock
cancion,Dreaming Echoes,4.1,Benjamin Jackson,Sample lyrics snippet...,Odyssey,Country
cancion,Silent Memories,5.0,Camila Hernandez,Sample lyrics snippet...,Reflections,Reggaeton
cancion,Blazing Storms,3.2,Ema Taylor,Sample lyrics snippet...,Reflections,Hip-Hop
cancion,Neon Hearts,4.5,Lucas Moore,Sample lyrics snippet...,Horizons,Rock
cancion,Crystal Visions,5.4,Sofia Wilson,Sample lyrics snippet...,Paradise,Electrónica
cancion,Endless Secrets,3.8,Mia Thompson,Sample lyrics snippet...,Origins,R&B
cancion,Hidden Hearts,4.8,Luna Hernandez,Sample lyrics snippet...,Paradise,Reggaeton
cancion,Broken Secrets,2.5,Sofia Lee,Sample lyrics snippet...,Reflections,Rock
cancion,Lonely Horizons,4.1,Lucas Smith,Sample lyrics snippet...,Horizons,Hip-Hop
cancion,Midnight Mirrors,2.6,Benjamin Johnson,Sample lyrics snippet...,Horizons,Rock
cancion,Broken Roads,3.3,Liam Thompson,Sample lyrics snippet...,Odyssey,Jazz
cancion,Wild Lights,4.9,Valentina White,Sample lyrics snippet...,Voyager,Electrónica
cancion,Wild Secrets,3.7,Sofia Anderson,Sample lyrics snippet...,Echoes,Indie
cancion,Broken Memories,4.0,Amelia Johnson,Sample lyrics snippet...,Waves,Indie
cancion,Broken Dreams,4.8,Luna Martin,Sample lyrics snippet...,Origins,Country
cancion,Wild Flames,2.6,Liam Sanchez,Sample lyrics snippet...,Horizons,Rock
cancion,Velvet Skies,3.7,Ava Martin,Sample lyrics snippet...,Odyssey,Rock
cancion,Wild Echoes,4.0,Lucas Johnson,Sample lyrics snippet...,Spectrum,Electrónica
cancion,Silent Waves,2.5,Valentina Taylor,Sample lyrics snippet...,Silhouettes,Reggaeton
cancion,Golden Waves,2.5,Elijah Garcia,Sample lyrics snippet...,Silhouettes,Indie
cancion,Blazing Dreams,3.1,Noah Smith,Sample lyrics snippet...,Echoes,Clásica
cancion,Stormy Lights,2.7,Sofia Hernandez,Sample lyrics snippet...,Horizons,Hip-Hop
cancion,Wild Dreams,4.1,Ethan Sanchez,Sample lyrics snippet...,Silhouettes,Jazz
cancion,Hidden Visions,4.7,Lucas Thomas,Sample lyrics snippet...,Paradise,Pop
cancion,Broken Borders,3.3,Noah Hernandez,Sample lyrics snippet...,Horizons,Country
cancion,Wild Visions,4.5,Mateo Martinez,Sample lyrics snippet...,Voyager,Hip-Hop
cancion,Blazing Hearts,3.7,Liam Wilson,Sample lyrics snippet...,Voyager,Jazz
cancion,Endless Mirrors,3.1,Isabella Jackson,Sample lyrics snippet...,Origins,Clásica
cancion,Midnight Mirrors,3.8,Mateo Garcia,Sample lyrics snippet...,Waves,Pop
cancion,Dreaming Hearts,2.7,Ethan Lee,Sample lyrics snippet...,Horizons,Clásica
cancion,Stormy Flames,4.3,Lucas Perez,Sample lyrics snippet...,Horizons,Electrónica
cancion,Hidden Dreams,4.9,Lucas Lee,Sample lyrics snippet...,Odyssey,Indie
cancion,Hidden Borders,5.5,Liam Gonzalez,Sample lyrics snippet...,Waves,Rock
cancion,Lost Roads,3.4,Camila Martin,Sample lyrics snippet...,Odyssey,Jazz
cancion,Midnight Visions,4.3,Mia Martin,Sample lyrics snippet...,Paradise,Rock
cancion,Lonely Roads,3.8,Camila Taylor,Sample lyrics snippet...,Horizons,Electrónica
cancion,Silent Hearts,4.9,Ava Wilson,Sample lyrics snippet...,Reflections,Clásica
cancion,Stormy Waves,5.5,Liam Johnson,Sample lyrics snippet...,Voyager,Indie
cancion,Fallen Lights,4.6,Elijah Garcia,Sample lyrics snippet...,Spectrum,Country
cancion,Blazing Visions,3.7,Ethan White,Sample lyrics snippet...,Odyssey,Pop
cancion,Lost Dreams,3.5,Oliver Brown,Sample lyrics snippet...,Silhouettes,Reggaeton
cancion,Neon Paths,4.8,Noah Gonzalez,Sample lyrics snippet...,Paradise,Jazz
cancion,Endless Waves,5.3,Amelia Anderson,Sample lyrics snippet...,Reflections,Electrónica
cancion,Endless Roads,5.3,Ava Lee,Sample lyrics snippet...,Echoes,Electrónica
cancion,Neon Roads,3.9,Charlotte Smith,Sample lyrics snippet...,Waves,R&B
cancion,Silent Paths,2.9,Ethan Lee,Sample lyrics snippet...,Voyager,Hip-Hop
cancion,Crimson Steps,5.4,Mia Anderson,Sample lyrics snippet...,Origins,Rock
cancion,Wild Stars,2.6,Sebastian Garcia,Sample lyrics snippet...,Reflections,Rock
cancion,Fallen Roads,2.7,Noah Jackson,Sample lyrics snippet...,Horizons,R&B
cancion,Fading Dreams,4.7,Benjamin Moore,Sample lyrics snippet...,Silhouettes,Clásica
cancion,Wild Waves,3.3,Camila White,Sample lyrics snippet...,Echoes,Electrónica
cancion,Fallen Steps,4.6,Amelia Martinez,Sample lyrics snippet...,Reflections,Electrónica
cancion,Velvet Borders,5.4,Sofia Thomas,Sample lyrics snippet...,Odyssey,Pop
cancion,Silent Steps,3.3,Noah Jackson,Sample lyrics snippet...,Paradise,Clásica
cancion,Crimson Lights,3.3,Sebastian Martin,Sample lyrics snippet...,Spectrum,Indie
cancion,Endless Paths,2.6,Benjamin Martinez,Sample lyrics snippet...,Echoes,Jazz
cancion,Endless Borders,4.3,Isabella Lopez,Sample lyrics snippet...,Spectrum,Jazz
cancion,Hidden Voices,4.3,Isabella Lee,Sample lyrics snippet...,Silhouettes,Reggaeton
cancion,Broken Rivers,2.8,Oliver White,Sample lyrics snippet...,Spectrum,Indie
cancion,Fallen Hearts,3.4,Valentina Lee,Sample lyrics snippet...,Odyssey,Pop
cancion,Wild Paths,4.2,Amelia Anderson,Sample lyrics snippet...,Echoes,Clásica
cancion,Endless Horizons,4.7,Mateo Moore,Sample lyrics snippet...,Silhouettes,Jazz
cancion,Electric Skies,5.3,Charlotte Anderson,Sample lyrics snippet...,Voyager,Clásica
cancion,Crystal Rivers,5.1,Amelia Wilson,Sample lyrics snippet...,Horizons,Country
cancion,Crimson Stars,4.7,Sebastian Lopez,Sample lyrics snippet...,Origins,Hip-Hop
cancion,Lost Echoes,3.9,Mia Wilson,Sample lyrics snippet...,Echoes,Country
cancion,Stormy Paths,3.8,Noah Perez,Sample lyrics snippet...,Origins,Pop
cancion,Wild Horizons,4.1,Ethan Moore,Sample lyrics snippet...,Origins,Pop
cancion,Hidden Stars,3.3,Charlotte Lee,Sample lyrics snippet...,Echoes,Hip-Hop
cancion,Shadow Visions,4.6,Luna Taylor,Sample lyrics snippet...,Echoes,Jazz
cancion,Crimson Echoes,2.9,Mateo Martin,Sample lyrics snippet...,Silhouettes,Reggaeton
cancion,Golden Paths,5.1,Benjamin Johnson,Sample lyrics snippet...,Odyssey,Reggaeton
cancion,Lonely Rivers,5.5,Charlotte Gonzalez,Sample lyrics snippet...,Voyager,R&B
cancion,Lonely Lights,4.8,Olivia Martin,Sample lyrics snippet...,Origins,Pop
cancion,Electric Roads,3.3,Isabella Moore,Sample lyrics snippet...,Horizons,Rock
cancion,Fallen Mirrors,5.3,Camila Taylor,Sample lyrics snippet...,Spectrum,R&B
cancion,Broken Visions,3.0,Sebastian Garcia,Sample lyrics snippet...,Waves,Country
cancion,Electric Dreams,3.0,Lucas Jackson,Sample lyrics snippet...,Horizons,Country
cancion,Shadow Rivers,3.6,Luna Martin,Sample lyrics snippet...,Reflections,Pop
cancion,Lonely Hearts,3.5,Sebastian Martin,Sample lyrics snippet...,Echoes,Clásica
cancion,Fallen Mirrors,5.4,Ava Hernandez,Sample lyrics snippet...,Waves,Pop
cancion,Velvet Borders,3.6,Oliver Jackson,Sample lyrics snippet...,Voyager,R&B
cancion,Stormy Paths,4.3,Luna Martin,Sample lyrics snippet...,Echoes,Clásica
cancion,Blazing Stars,3.0,Sebastian Lee,Sample lyrics snippet...,Voyager,Electrónica
cancion,Broken Roads,4.5,Luna Perez,Sample lyrics snippet...,Reflections,Country
cancion,Stormy Steps,3.2,Charlotte Smith,Sample lyrics snippet...,Voyager,Electrónica
cancion,Crimson Rivers,4.0,Ethan Moore,Sample lyrics snippet...,Origins,Country
cancion,Midnight Horizons,3.1,Liam Martin,Sample lyrics snippet...,Spectrum,Electrónica
cancion,Endless Mirrors,3.2,Elijah Moore,Sample lyrics snippet...,Odyssey,Electrónica
cancion,Dreaming Rivers,3.4,Ethan Garcia,Sample lyrics snippet...,Echoes,Rock
cancion,Stormy Echoes,3.6,Lucas Gonzalez,Sample lyrics snippet...,Voyager,Hip-Hop
cancion,Golden Paths,5.2,Mia Martin,Sample lyrics snippet...,Waves,Rock
cancion,Endless Hearts,5.4,Liam Moore,Sample lyrics snippet...,Origins,R&B
cancion,Neon Secrets,3.1,Mia Gonzalez,Sample lyrics snippet...,Odyssey,Indie
cancion,Silent Borders,4.3,Olivia Brown,Sample lyrics snippet...,Origins,Pop
cancion,Hidden Secrets,4.1,Ema Martin,Sample lyrics snippet...,Origins,Country
cancion,Lonely Visions,3.8,Valentina White,Sample lyrics snippet...,Spectrum,Reggaeton
cancion,Golden Waves,2.9,Ava Martinez,Sample lyrics snippet...,Waves,Hip-Hop
cancion,Wild Rivers,4.2,Isabella Thompson,Sample lyrics snippet...,Odyssey,Country
cancion,Shadow Mirrors,2.5,Charlotte Garcia,Sample lyrics snippet...,Waves,Reggaeton
cancion,Lonely Hearts,2.6,Sebastian White,Sample lyrics snippet...,Odyssey,Country
cancion,Neon Visions,5.5,Luna Garcia,Sample lyrics snippet...,Paradise,R&B
cancion,Dreaming Rivers,4.7,Olivia Lee,Sample lyrics snippet...,Paradise,R&B
cancion,Fallen Secrets,2.8,Ava Martin,Sample lyrics snippet...,Waves,Rock
cancion,Velvet Storms,4.4,Olivia Anderson,Sample lyrics snippet...,Spectrum,Electrónica
cancion,Dreaming Horizons,5.3,Sofia Johnson,Sample lyrics snippet...,Waves,Reggaeton
cancion,Lost Steps,4.0,Ethan Lee,Sample lyrics snippet...,Reflections,Jazz
cancion,Stormy Flames,4.8,Benjamin Smith,Sample lyrics snippet...,Horizons,Pop
cancion,Silent Secrets,2.6,Sofia Sanchez,Sample lyrics snippet...,Horizons,Country
cancion,Endless Echoes,4.0,Oliver Thompson,Sample lyrics snippet...,Silhouettes,R&B
cancion,Lonely Horizons,5.3,Mateo Garcia,Sample lyrics snippet...,Paradise,Rock
cancion,Wild Dreams,3.3,Isabella Anderson,Sample lyrics snippet...,Odyssey,Rock
cancion,Endless Stars,3.1,Ava Gonzalez,Sample lyrics snippet...,Voyager,Indie
cancion,Fallen Dreams,3.7,Ethan Lopez,Sample lyrics snippet...,Horizons,Hip-Hop
cancion,Silent Mirrors,5.3,Sofia Martin,Sample lyrics snippet...,Spectrum,Hip-Hop
cancion,Wild Voices,4.5,Sofia Moore,Sample lyrics snippet...,Odyssey,Electrónica
cancion,Wild Hearts,4.7,Camila Moore,Sample lyrics snippet...,Origins,Rock
cancion,Hidden Flames,4.3,Ethan Thompson,Sample lyrics snippet...,Horizons,Jazz
cancion,Lonely Secrets,4.5,Ava Smith,Sample lyrics snippet...,Silhouettes,Reggaeton
cancion,Shadow Steps,3.6,Isabella Lee,Sample lyrics snippet...,Voyager,Electrónica
cancion,Blazing Paths,4.4,Elijah Hernandez,Sample lyrics snippet...,Reflections,Reggaeton
cancion,Endless Stars,4.2,Sebastian Perez,Sample lyrics snippet...,Silhouettes,Jazz
cancion,Fallen Lights,4.4,Noah Gonzalez,Sample lyrics snippet...,Origins,Clásica
cancion,Endless Secrets,5.0,Liam Johnson,Sample lyrics snippet...,Silhouettes,Jazz
cancion,Blazing Dreams,2.6,Charlotte Lopez,Sample lyrics snippet...,Horizons,Rock
cancion,Shadow Skies,2.6,Isabella Hernandez,Sample lyrics snippet...,Echoes,Electrónica
cancion,Hidden Skies,2.9,Oliver Jackson,Sample lyrics snippet...,Paradise,Clásica
cancion,Broken Paths,4.5,Oliver Garcia,Sample lyrics snippet...,Spectrum,Clásica
cancion,Lost Voices,5.2,Mateo Thompson,Sample lyrics snippet...,Paradise,Reggaeton
cancion,Lonely Paths,4.8,Amelia Lopez,Sample lyrics snippet...,Paradise,R&B
cancion,Dreaming Stars,2.8,Mateo Sanchez,Sample lyrics snippet...,Spectrum,Rock
cancion,Electric Mirrors,4.5,Ava Taylor,Sample lyrics snippet...,Spectrum,Rock
cancion,Midnight Stars,4.5,Sebastian Martin,Sample lyrics snippet...,Reflections,Reggaeton
cancion,Lonely Storms,2.9,Valentina Brown,Sample lyrics snippet...,Silhouettes,Reggaeton
cancion,Crystal Dreams,3.3,Isabella Martinez,Sample lyrics snippet...,Waves,Clásica
cancion,Shadow Dreams,4.0,Valentina Moore,Sample lyrics snippet...,Echoes,Hip-Hop
cancion,Crystal Steps,3.2,Sebastian Sanchez,Sample lyrics snippet...,Paradise,Electrónica
cancion,Crystal Stars,3.4,Charlotte Brown,Sample lyrics snippet...,Waves,Electrónica
cancion,Lonely Steps,4.5,Ema Hernandez,Sample lyrics snippet...,Origins,R&B
cancion,Broken Echoes,4.9,Mia Smith,Sample lyrics snippet...,Spectrum,Indie
cancion,Electric Rivers,5.2,Isabella Perez,Sample lyrics snippet...,Voyager,Electrónica
cancion,Lost Memories,4.3,Sofia Anderson,Sample lyrics snippet...,Echoes,Country
cancion,Crystal Stars,3.6,Ava Garcia,Sample lyrics snippet...,Odyssey,Reggaeton
cancion,Wild Borders,3.2,Mia Taylor,Sample lyrics snippet...,Voyager,Electrónica
cancion,Golden Roads,3.8,Ava Lopez,Sample lyrics snippet...,Reflections,Clásica
cancion,Velvet Lights,5.3,Isabella Thomas,Sample lyrics snippet...,Voyager,Rock
cancion,Silent Paths,2.6,Ema Garcia,Sample lyrics snippet...,Silhouettes,Electrónica
cancion,Crystal Stars,3.5,Amelia Taylor,Sample lyrics snippet...,Spectrum,Indie
cancion,Shadow Memories,3.3,Benjamin Thomas,Sample lyrics snippet...,Odyssey,Hip-Hop
cancion,Stormy Steps,3.3,Mia Anderson,Sample lyrics snippet...,Odyssey,R&B
cancion,Shadow Secrets,3.0,Mia Martinez,Sample lyrics snippet...,Silhouettes,Hip-Hop
cancion,Endless Secrets,3.1,Ava Martinez,Sample lyrics snippet...,Silhouettes,Electrónica
cancion,Neon Lights,4.1,Mateo Gonzalez,Sample lyrics snippet...,Echoes,Reggaeton
cancion,Silent Stars,4.2,Ema Anderson,Sample lyrics snippet...,Spectrum,Clásica
cancion,Velvet Secrets,5.0,Olivia Thompson,Sample lyrics snippet...,Odyssey,Clásica
cancion,Lonely Skies,4.1,Ethan Taylor,Sample lyrics snippet...,Voyager,Indie
cancion,Crimson Flames,3.4,Lucas Smith,Sample lyrics snippet...,Odyssey,Indie
cancion,Blazing Flames,4.1,Benjamin Thomas,Sample lyrics snippet...,Reflections,Electrónica
cancion,Electric Dreams,3.1,Oliver Lopez,Sample lyrics snippet...,Odyssey,R&B
cancion,Midnight Stars,5.0,Noah Anderson,Sample lyrics snippet...,Reflections,Clásica
cancion,Shadow Memories,4.2,Camila Taylor,Sample lyrics snippet...,Reflections,Indie
cancion,Wild Lights,3.9,Sebastian Lopez,Sample lyrics snippet...,Echoes,Electrónica
cancion,Wild Dreams,3.4,Mia Smith,Sample lyrics snippet...,Waves,Country
cancion,Stormy Storms,3.5,Liam Anderson,Sample lyrics snippet...,Reflections,Pop
cancion,Wild Storms,4.2,Elijah Anderson,Sample lyrics snippet...,Waves,Rock
cancion,Stormy Lights,3.1,Elijah White,Sample lyrics snippet...,Spectrum,Indie
cancion,Lonely Lights,4.2,Valentina Thomas,Sample lyrics snippet...,Reflections,Rock
cancion,Midnight Borders,3.5,Sebastian Wilson,Sample lyrics snippet...,Odyssey,Hip-Hop
cancion,Fallen Hearts,3.0,Valentina Lee,Sample lyrics snippet...,Waves,Reggaeton
cancion,Prueba,2.0,Taylor Swift,Prueba,Prueba,Pop
cancion,Pumped Up Kicks,3.0,Foster The People (2 miembros),,Torches,Rock
cancion,Sky Reflections,3.8,Ava Martinez,"These skies, they talk to me...",Horizons,Indie
cancion,Digital Sunset,4.2,Liam Smith,In circuits we trust...,Electric Pulse,Electrónica
